DELETE FROM order_ticket;
DELETE FROM orders;
DELETE FROM reservation_ticket;
DELETE FROM reservation;
DELETE FROM ticket;
DELETE FROM member;


-- member
INSERT INTO member (id, name, email, password, nickname, birth, is_suspended, role, oauth2id, profile_img_url, provider, provider_id)
VALUES (1, '관리자', 'admin@mgr.com', '$2a$10$Zk2RByDnzb1SlNzSy.QQg.RIW2w51yByTIDLh5WuCTKZJKVJB3ZXO', 'MGR관리자', NULL, false, 'ROLE_ADMIN', NULL, '/img/login/profile1.png', NULL, NULL);

INSERT INTO member (id, name, email, password, nickname, birth, is_suspended, role, oauth2id, profile_img_url, provider, provider_id)
VALUES (2, '혜원', '혜원', '$2a$10$Zk2RByDnzb1SlNzSy.QQg.RIW2w51yByTIDLh5WuCTKZJKVJB3ZXO', '혜원', NULL, false, 'ROLE_USER', NULL, '/img/login/profile1.png', NULL, NULL);

INSERT INTO member (id, name, email, password, nickname, birth, is_suspended, role, oauth2id, profile_img_url, provider, provider_id)
VALUES (3, '영인', '영인', '$2a$10$Zk2RByDnzb1SlNzSy.QQg.RIW2w51yByTIDLh5WuCTKZJKVJB3ZXO', '영인', NULL, false, 'ROLE_USER', NULL, '/img/login/profile1.png', NULL, NULL);

INSERT INTO member (id, name, email, password, nickname, birth, is_suspended, role, oauth2id, profile_img_url, provider, provider_id)
VALUES (4, '나래', '나래', '$2a$10$Zk2RByDnzb1SlNzSy.QQg.RIW2w51yByTIDLh5WuCTKZJKVJB3ZXO', '나래', NULL, false, 'ROLE_USER', NULL, '/img/login/profile1.png', NULL, NULL);



-- ticket
INSERT INTO ticket (id, name, memo, start_date, end_date, adult_price, child_price, location_category)
VALUES (1, 'MGR종일권1', '부산에서 사용 가능한 종일권', '2023-01-01', '2024-12-31', 30000, 20000, 'BUSAN');

INSERT INTO ticket (id, name, memo, start_date, end_date, adult_price, child_price, location_category)
VALUES (2, 'MGR종일권2', '서울에서 사용 가능한 종일권', '2023-01-01', '2024-12-31', 30000, 20000, 'SEOUL');

INSERT INTO reservation (reservation_id, member_id) VALUES (1,2);
INSERT INTO reservation_ticket (id, reservation_id, ticket_id, reservation_date, visit_date, adult_count, child_count, reservation_status) VALUES (1,1,1,'2023-07-01','2023-07-02',45,55,'PAYED');
INSERT INTO orders (order_id, order_num, member_id, order_date, reservation_status) VALUES (1,20240619000001,2,'2023-07-01','PAYED');
INSERT INTO order_ticket (order_ticket_id, adult_count, adult_price, child_count, child_price, visit_date, order_id, ticket_id, reservation_ticket_id) VALUES (1,45,30000,55,20000,'2023-07-02',1,1,1);
INSERT INTO reservation (reservation_id, member_id) VALUES (2,3);
INSERT INTO reservation_ticket (id, reservation_id, ticket_id, reservation_date, visit_date, adult_count, child_count, reservation_status) VALUES (2,2,2,'2023-07-02','2023-07-03',66,34,'PAYED');
INSERT INTO orders (order_id, order_num, member_id, order_date, reservation_status) VALUES (2,20240619000002,3,'2023-07-02','PAYED');
INSERT INTO order_ticket (order_ticket_id, adult_count, adult_price, child_count, child_price, visit_date, order_id, ticket_id, reservation_ticket_id) VALUES (2,66,30000,34,20000,'2023-07-03',2,2,2);
INSERT INTO reservation (reservation_id, member_id) VALUES (3,4);
INSERT INTO reservation_ticket (id, reservation_id, ticket_id, reservation_date, visit_date, adult_count, child_count, reservation_status) VALUES (3,3,1,'2023-07-03','2023-07-04',42,58,'PAYED');
INSERT INTO orders (order_id, order_num, member_id, order_date, reservation_status) VALUES (3,20240619000003,4,'2023-07-03','PAYED');
INSERT INTO order_ticket (order_ticket_id, adult_count, adult_price, child_count, child_price, visit_date, order_id, ticket_id, reservation_ticket_id) VALUES (3,42,30000,58,20000,'2023-07-04',3,1,3);
INSERT INTO reservation (reservation_id, member_id) VALUES (4,null);
INSERT INTO reservation_ticket (id, reservation_id, ticket_id, reservation_date, visit_date, adult_count, child_count, reservation_status) VALUES (4,4,2,'2023-07-04','2023-07-05',44,56,'PAYED');
INSERT INTO orders (order_id, order_num, member_id, order_date, reservation_status) VALUES (4,20240619000004,2,'2023-07-04','PAYED');
INSERT INTO order_ticket (order_ticket_id, adult_count, adult_price, child_count, child_price, visit_date, order_id, ticket_id, reservation_ticket_id) VALUES (4,44,30000,56,20000,'2023-07-05',4,2,4);
INSERT INTO reservation (reservation_id, member_id) VALUES (5,null);
INSERT INTO reservation_ticket (id, reservation_id, ticket_id, reservation_date, visit_date, adult_count, child_count, reservation_status) VALUES (5,5,1,'2023-07-05','2023-07-06',33,67,'PAYED');
INSERT INTO orders (order_id, order_num, member_id, order_date, reservation_status) VALUES (5,20240619000005,3,'2023-07-05','PAYED');
INSERT INTO order_ticket (order_ticket_id, adult_count, adult_price, child_count, child_price, visit_date, order_id, ticket_id, reservation_ticket_id) VALUES (5,33,30000,67,20000,'2023-07-06',5,1,5);
INSERT INTO reservation (reservation_id, member_id) VALUES (6,null);
INSERT INTO reservation_ticket (id, reservation_id, ticket_id, reservation_date, visit_date, adult_count, child_count, reservation_status) VALUES (6,6,2,'2023-07-06','2023-07-07',22,78,'PAYED');
INSERT INTO orders (order_id, order_num, member_id, order_date, reservation_status) VALUES (6,20240619000006,4,'2023-07-06','PAYED');
INSERT INTO order_ticket (order_ticket_id, adult_count, adult_price, child_count, child_price, visit_date, order_id, ticket_id, reservation_ticket_id) VALUES (6,22,30000,78,20000,'2023-07-07',6,2,6);
INSERT INTO reservation (reservation_id, member_id) VALUES (7,null);
INSERT INTO reservation_ticket (id, reservation_id, ticket_id, reservation_date, visit_date, adult_count, child_count, reservation_status) VALUES (7,7,1,'2023-07-07','2023-07-08',11,89,'PAYED');
INSERT INTO orders (order_id, order_num, member_id, order_date, reservation_status) VALUES (7,20240619000007,2,'2023-07-07','PAYED');
INSERT INTO order_ticket (order_ticket_id, adult_count, adult_price, child_count, child_price, visit_date, order_id, ticket_id, reservation_ticket_id) VALUES (7,11,30000,89,20000,'2023-07-08',7,1,7);
INSERT INTO reservation (reservation_id, member_id) VALUES (8,null);
INSERT INTO reservation_ticket (id, reservation_id, ticket_id, reservation_date, visit_date, adult_count, child_count, reservation_status) VALUES (8,8,2,'2023-07-08','2023-07-09',31,69,'PAYED');
INSERT INTO orders (order_id, order_num, member_id, order_date, reservation_status) VALUES (8,20240619000008,3,'2023-07-08','PAYED');
INSERT INTO order_ticket (order_ticket_id, adult_count, adult_price, child_count, child_price, visit_date, order_id, ticket_id, reservation_ticket_id) VALUES (8,31,30000,69,20000,'2023-07-09',8,2,8);
INSERT INTO reservation (reservation_id, member_id) VALUES (9,null);
INSERT INTO reservation_ticket (id, reservation_id, ticket_id, reservation_date, visit_date, adult_count, child_count, reservation_status) VALUES (9,9,1,'2023-07-09','2023-07-10',42,58,'PAYED');
INSERT INTO orders (order_id, order_num, member_id, order_date, reservation_status) VALUES (9,20240619000009,4,'2023-07-09','PAYED');
INSERT INTO order_ticket (order_ticket_id, adult_count, adult_price, child_count, child_price, visit_date, order_id, ticket_id, reservation_ticket_id) VALUES (9,42,30000,58,20000,'2023-07-10',9,1,9);
INSERT INTO reservation (reservation_id, member_id) VALUES (10,null);
INSERT INTO reservation_ticket (id, reservation_id, ticket_id, reservation_date, visit_date, adult_count, child_count, reservation_status) VALUES (10,10,2,'2023-07-10','2023-07-11',78,22,'PAYED');
INSERT INTO orders (order_id, order_num, member_id, order_date, reservation_status) VALUES (10,20240619000010,2,'2023-07-10','PAYED');
INSERT INTO order_ticket (order_ticket_id, adult_count, adult_price, child_count, child_price, visit_date, order_id, ticket_id, reservation_ticket_id) VALUES (10,78,30000,22,20000,'2023-07-11',10,2,10);
INSERT INTO reservation (reservation_id, member_id) VALUES (11,null);
INSERT INTO reservation_ticket (id, reservation_id, ticket_id, reservation_date, visit_date, adult_count, child_count, reservation_status) VALUES (11,11,1,'2023-07-11','2023-07-12',25,75,'PAYED');
INSERT INTO orders (order_id, order_num, member_id, order_date, reservation_status) VALUES (11,20240619000011,3,'2023-07-11','PAYED');
INSERT INTO order_ticket (order_ticket_id, adult_count, adult_price, child_count, child_price, visit_date, order_id, ticket_id, reservation_ticket_id) VALUES (11,25,30000,75,20000,'2023-07-12',11,1,11);
INSERT INTO reservation (reservation_id, member_id) VALUES (12,null);
INSERT INTO reservation_ticket (id, reservation_id, ticket_id, reservation_date, visit_date, adult_count, child_count, reservation_status) VALUES (12,12,2,'2023-07-12','2023-07-13',48,52,'PAYED');
INSERT INTO orders (order_id, order_num, member_id, order_date, reservation_status) VALUES (12,20240619000012,4,'2023-07-12','PAYED');
INSERT INTO order_ticket (order_ticket_id, adult_count, adult_price, child_count, child_price, visit_date, order_id, ticket_id, reservation_ticket_id) VALUES (12,48,30000,52,20000,'2023-07-13',12,2,12);
INSERT INTO reservation (reservation_id, member_id) VALUES (13,null);
INSERT INTO reservation_ticket (id, reservation_id, ticket_id, reservation_date, visit_date, adult_count, child_count, reservation_status) VALUES (13,13,1,'2023-07-13','2023-07-14',31,69,'PAYED');
INSERT INTO orders (order_id, order_num, member_id, order_date, reservation_status) VALUES (13,20240619000013,2,'2023-07-13','PAYED');
INSERT INTO order_ticket (order_ticket_id, adult_count, adult_price, child_count, child_price, visit_date, order_id, ticket_id, reservation_ticket_id) VALUES (13,31,30000,69,20000,'2023-07-14',13,1,13);
INSERT INTO reservation (reservation_id, member_id) VALUES (14,null);
INSERT INTO reservation_ticket (id, reservation_id, ticket_id, reservation_date, visit_date, adult_count, child_count, reservation_status) VALUES (14,14,2,'2023-07-14','2023-07-15',11,89,'PAYED');
INSERT INTO orders (order_id, order_num, member_id, order_date, reservation_status) VALUES (14,20240619000014,3,'2023-07-14','PAYED');
INSERT INTO order_ticket (order_ticket_id, adult_count, adult_price, child_count, child_price, visit_date, order_id, ticket_id, reservation_ticket_id) VALUES (14,11,30000,89,20000,'2023-07-15',14,2,14);
INSERT INTO reservation (reservation_id, member_id) VALUES (15,null);
INSERT INTO reservation_ticket (id, reservation_id, ticket_id, reservation_date, visit_date, adult_count, child_count, reservation_status) VALUES (15,15,1,'2023-07-15','2023-07-16',31,69,'PAYED');
INSERT INTO orders (order_id, order_num, member_id, order_date, reservation_status) VALUES (15,20240619000015,4,'2023-07-15','PAYED');
INSERT INTO order_ticket (order_ticket_id, adult_count, adult_price, child_count, child_price, visit_date, order_id, ticket_id, reservation_ticket_id) VALUES (15,31,30000,69,20000,'2023-07-16',15,1,15);
INSERT INTO reservation (reservation_id, member_id) VALUES (16,null);
INSERT INTO reservation_ticket (id, reservation_id, ticket_id, reservation_date, visit_date, adult_count, child_count, reservation_status) VALUES (16,16,2,'2023-07-16','2023-07-17',42,58,'PAYED');
INSERT INTO orders (order_id, order_num, member_id, order_date, reservation_status) VALUES (16,20240619000016,2,'2023-07-16','PAYED');
INSERT INTO order_ticket (order_ticket_id, adult_count, adult_price, child_count, child_price, visit_date, order_id, ticket_id, reservation_ticket_id) VALUES (16,42,30000,58,20000,'2023-07-17',16,2,16);
INSERT INTO reservation (reservation_id, member_id) VALUES (17,null);
INSERT INTO reservation_ticket (id, reservation_id, ticket_id, reservation_date, visit_date, adult_count, child_count, reservation_status) VALUES (17,17,1,'2023-07-17','2023-07-18',78,22,'PAYED');
INSERT INTO orders (order_id, order_num, member_id, order_date, reservation_status) VALUES (17,20240619000017,3,'2023-07-17','PAYED');
INSERT INTO order_ticket (order_ticket_id, adult_count, adult_price, child_count, child_price, visit_date, order_id, ticket_id, reservation_ticket_id) VALUES (17,78,30000,22,20000,'2023-07-18',17,1,17);
INSERT INTO reservation (reservation_id, member_id) VALUES (18,null);
INSERT INTO reservation_ticket (id, reservation_id, ticket_id, reservation_date, visit_date, adult_count, child_count, reservation_status) VALUES (18,18,2,'2023-07-18','2023-07-19',25,75,'PAYED');
INSERT INTO orders (order_id, order_num, member_id, order_date, reservation_status) VALUES (18,20240619000018,4,'2023-07-18','PAYED');
INSERT INTO order_ticket (order_ticket_id, adult_count, adult_price, child_count, child_price, visit_date, order_id, ticket_id, reservation_ticket_id) VALUES (18,25,30000,75,20000,'2023-07-19',18,2,18);
INSERT INTO reservation (reservation_id, member_id) VALUES (19,null);
INSERT INTO reservation_ticket (id, reservation_id, ticket_id, reservation_date, visit_date, adult_count, child_count, reservation_status) VALUES (19,19,1,'2023-07-19','2023-07-20',48,52,'PAYED');
INSERT INTO orders (order_id, order_num, member_id, order_date, reservation_status) VALUES (19,20240619000019,2,'2023-07-19','PAYED');
INSERT INTO order_ticket (order_ticket_id, adult_count, adult_price, child_count, child_price, visit_date, order_id, ticket_id, reservation_ticket_id) VALUES (19,48,30000,52,20000,'2023-07-20',19,1,19);
INSERT INTO reservation (reservation_id, member_id) VALUES (20,null);
INSERT INTO reservation_ticket (id, reservation_id, ticket_id, reservation_date, visit_date, adult_count, child_count, reservation_status) VALUES (20,20,2,'2023-07-20','2023-07-21',31,69,'PAYED');
INSERT INTO orders (order_id, order_num, member_id, order_date, reservation_status) VALUES (20,20240619000020,3,'2023-07-20','PAYED');
INSERT INTO order_ticket (order_ticket_id, adult_count, adult_price, child_count, child_price, visit_date, order_id, ticket_id, reservation_ticket_id) VALUES (20,31,30000,69,20000,'2023-07-21',20,2,20);
INSERT INTO reservation (reservation_id, member_id) VALUES (21,null);
INSERT INTO reservation_ticket (id, reservation_id, ticket_id, reservation_date, visit_date, adult_count, child_count, reservation_status) VALUES (21,21,1,'2023-07-21','2023-07-22',44,56,'PAYED');
INSERT INTO orders (order_id, order_num, member_id, order_date, reservation_status) VALUES (21,20240619000021,4,'2023-07-21','PAYED');
INSERT INTO order_ticket (order_ticket_id, adult_count, adult_price, child_count, child_price, visit_date, order_id, ticket_id, reservation_ticket_id) VALUES (21,44,30000,56,20000,'2023-07-22',21,1,21);
INSERT INTO reservation (reservation_id, member_id) VALUES (22,null);
INSERT INTO reservation_ticket (id, reservation_id, ticket_id, reservation_date, visit_date, adult_count, child_count, reservation_status) VALUES (22,22,2,'2023-07-22','2023-07-23',52,48,'PAYED');
INSERT INTO orders (order_id, order_num, member_id, order_date, reservation_status) VALUES (22,20240619000022,2,'2023-07-22','PAYED');
INSERT INTO order_ticket (order_ticket_id, adult_count, adult_price, child_count, child_price, visit_date, order_id, ticket_id, reservation_ticket_id) VALUES (22,52,30000,48,20000,'2023-07-23',22,2,22);
INSERT INTO reservation (reservation_id, member_id) VALUES (23,null);
INSERT INTO reservation_ticket (id, reservation_id, ticket_id, reservation_date, visit_date, adult_count, child_count, reservation_status) VALUES (23,23,1,'2023-07-23','2023-07-24',55,45,'PAYED');
INSERT INTO orders (order_id, order_num, member_id, order_date, reservation_status) VALUES (23,20240619000023,3,'2023-07-23','PAYED');
INSERT INTO order_ticket (order_ticket_id, adult_count, adult_price, child_count, child_price, visit_date, order_id, ticket_id, reservation_ticket_id) VALUES (23,55,30000,45,20000,'2023-07-24',23,1,23);
INSERT INTO reservation (reservation_id, member_id) VALUES (24,null);
INSERT INTO reservation_ticket (id, reservation_id, ticket_id, reservation_date, visit_date, adult_count, child_count, reservation_status) VALUES (24,24,2,'2023-07-24','2023-07-25',45,55,'PAYED');
INSERT INTO orders (order_id, order_num, member_id, order_date, reservation_status) VALUES (24,20240619000024,4,'2023-07-24','PAYED');
INSERT INTO order_ticket (order_ticket_id, adult_count, adult_price, child_count, child_price, visit_date, order_id, ticket_id, reservation_ticket_id) VALUES (24,45,30000,55,20000,'2023-07-25',24,2,24);
INSERT INTO reservation (reservation_id, member_id) VALUES (25,null);
INSERT INTO reservation_ticket (id, reservation_id, ticket_id, reservation_date, visit_date, adult_count, child_count, reservation_status) VALUES (25,25,1,'2023-07-25','2023-07-26',52,48,'PAYED');
INSERT INTO orders (order_id, order_num, member_id, order_date, reservation_status) VALUES (25,20240619000025,2,'2023-07-25','PAYED');
INSERT INTO order_ticket (order_ticket_id, adult_count, adult_price, child_count, child_price, visit_date, order_id, ticket_id, reservation_ticket_id) VALUES (25,52,30000,48,20000,'2023-07-26',25,1,25);
INSERT INTO reservation (reservation_id, member_id) VALUES (26,null);
INSERT INTO reservation_ticket (id, reservation_id, ticket_id, reservation_date, visit_date, adult_count, child_count, reservation_status) VALUES (26,26,2,'2023-07-26','2023-07-27',10,90,'PAYED');
INSERT INTO orders (order_id, order_num, member_id, order_date, reservation_status) VALUES (26,20240619000026,3,'2023-07-26','PAYED');
INSERT INTO order_ticket (order_ticket_id, adult_count, adult_price, child_count, child_price, visit_date, order_id, ticket_id, reservation_ticket_id) VALUES (26,10,30000,90,20000,'2023-07-27',26,2,26);
INSERT INTO reservation (reservation_id, member_id) VALUES (27,null);
INSERT INTO reservation_ticket (id, reservation_id, ticket_id, reservation_date, visit_date, adult_count, child_count, reservation_status) VALUES (27,27,1,'2023-07-27','2023-07-28',30,70,'PAYED');
INSERT INTO orders (order_id, order_num, member_id, order_date, reservation_status) VALUES (27,20240619000027,4,'2023-07-27','PAYED');
INSERT INTO order_ticket (order_ticket_id, adult_count, adult_price, child_count, child_price, visit_date, order_id, ticket_id, reservation_ticket_id) VALUES (27,30,30000,70,20000,'2023-07-28',27,1,27);
INSERT INTO reservation (reservation_id, member_id) VALUES (28,null);
INSERT INTO reservation_ticket (id, reservation_id, ticket_id, reservation_date, visit_date, adult_count, child_count, reservation_status) VALUES (28,28,2,'2023-07-28','2023-07-29',20,80,'PAYED');
INSERT INTO orders (order_id, order_num, member_id, order_date, reservation_status) VALUES (28,20240619000028,2,'2023-07-28','PAYED');
INSERT INTO order_ticket (order_ticket_id, adult_count, adult_price, child_count, child_price, visit_date, order_id, ticket_id, reservation_ticket_id) VALUES (28,20,30000,80,20000,'2023-07-29',28,2,28);
INSERT INTO reservation (reservation_id, member_id) VALUES (29,null);
INSERT INTO reservation_ticket (id, reservation_id, ticket_id, reservation_date, visit_date, adult_count, child_count, reservation_status) VALUES (29,29,1,'2023-07-29','2023-07-30',70,30,'PAYED');
INSERT INTO orders (order_id, order_num, member_id, order_date, reservation_status) VALUES (29,20240619000029,3,'2023-07-29','PAYED');
INSERT INTO order_ticket (order_ticket_id, adult_count, adult_price, child_count, child_price, visit_date, order_id, ticket_id, reservation_ticket_id) VALUES (29,70,30000,30,20000,'2023-07-30',29,1,29);
INSERT INTO reservation (reservation_id, member_id) VALUES (30,null);
INSERT INTO reservation_ticket (id, reservation_id, ticket_id, reservation_date, visit_date, adult_count, child_count, reservation_status) VALUES (30,30,2,'2023-07-30','2023-07-31',30,70,'PAYED');
INSERT INTO orders (order_id, order_num, member_id, order_date, reservation_status) VALUES (30,20240619000030,4,'2023-07-30','PAYED');
INSERT INTO order_ticket (order_ticket_id, adult_count, adult_price, child_count, child_price, visit_date, order_id, ticket_id, reservation_ticket_id) VALUES (30,30,30000,70,20000,'2023-07-31',30,2,30);
INSERT INTO reservation (reservation_id, member_id) VALUES (31,null);
INSERT INTO reservation_ticket (id, reservation_id, ticket_id, reservation_date, visit_date, adult_count, child_count, reservation_status) VALUES (31,31,1,'2023-07-31','2023-08-01',54,46,'PAYED');
INSERT INTO orders (order_id, order_num, member_id, order_date, reservation_status) VALUES (31,20240619000031,2,'2023-07-31','PAYED');
INSERT INTO order_ticket (order_ticket_id, adult_count, adult_price, child_count, child_price, visit_date, order_id, ticket_id, reservation_ticket_id) VALUES (31,54,30000,46,20000,'2023-08-01',31,1,31);
INSERT INTO reservation (reservation_id, member_id) VALUES (32,null);
INSERT INTO reservation_ticket (id, reservation_id, ticket_id, reservation_date, visit_date, adult_count, child_count, reservation_status) VALUES (32,32,2,'2023-08-01','2023-08-02',45,55,'PAYED');
INSERT INTO orders (order_id, order_num, member_id, order_date, reservation_status) VALUES (32,20240619000032,3,'2023-08-01','PAYED');
INSERT INTO order_ticket (order_ticket_id, adult_count, adult_price, child_count, child_price, visit_date, order_id, ticket_id, reservation_ticket_id) VALUES (32,45,30000,55,20000,'2023-08-02',32,2,32);
INSERT INTO reservation (reservation_id, member_id) VALUES (33,null);
INSERT INTO reservation_ticket (id, reservation_id, ticket_id, reservation_date, visit_date, adult_count, child_count, reservation_status) VALUES (33,33,1,'2023-08-02','2023-08-03',70,30,'PAYED');
INSERT INTO orders (order_id, order_num, member_id, order_date, reservation_status) VALUES (33,20240619000033,4,'2023-08-02','PAYED');
INSERT INTO order_ticket (order_ticket_id, adult_count, adult_price, child_count, child_price, visit_date, order_id, ticket_id, reservation_ticket_id) VALUES (33,70,30000,30,20000,'2023-08-03',33,1,33);
INSERT INTO reservation (reservation_id, member_id) VALUES (34,null);
INSERT INTO reservation_ticket (id, reservation_id, ticket_id, reservation_date, visit_date, adult_count, child_count, reservation_status) VALUES (34,34,2,'2023-08-03','2023-08-04',60,40,'PAYED');
INSERT INTO orders (order_id, order_num, member_id, order_date, reservation_status) VALUES (34,20240619000034,2,'2023-08-03','PAYED');
INSERT INTO order_ticket (order_ticket_id, adult_count, adult_price, child_count, child_price, visit_date, order_id, ticket_id, reservation_ticket_id) VALUES (34,60,30000,40,20000,'2023-08-04',34,2,34);
INSERT INTO reservation (reservation_id, member_id) VALUES (35,null);
INSERT INTO reservation_ticket (id, reservation_id, ticket_id, reservation_date, visit_date, adult_count, child_count, reservation_status) VALUES (35,35,1,'2023-08-04','2023-08-05',18,82,'PAYED');
INSERT INTO orders (order_id, order_num, member_id, order_date, reservation_status) VALUES (35,20240619000035,3,'2023-08-04','PAYED');
INSERT INTO order_ticket (order_ticket_id, adult_count, adult_price, child_count, child_price, visit_date, order_id, ticket_id, reservation_ticket_id) VALUES (35,18,30000,82,20000,'2023-08-05',35,1,35);
INSERT INTO reservation (reservation_id, member_id) VALUES (36,null);
INSERT INTO reservation_ticket (id, reservation_id, ticket_id, reservation_date, visit_date, adult_count, child_count, reservation_status) VALUES (36,36,2,'2023-08-05','2023-08-06',52,48,'PAYED');
INSERT INTO orders (order_id, order_num, member_id, order_date, reservation_status) VALUES (36,20240619000036,4,'2023-08-05','PAYED');
INSERT INTO order_ticket (order_ticket_id, adult_count, adult_price, child_count, child_price, visit_date, order_id, ticket_id, reservation_ticket_id) VALUES (36,52,30000,48,20000,'2023-08-06',36,2,36);
INSERT INTO reservation (reservation_id, member_id) VALUES (37,null);
INSERT INTO reservation_ticket (id, reservation_id, ticket_id, reservation_date, visit_date, adult_count, child_count, reservation_status) VALUES (37,37,1,'2023-08-06','2023-08-07',55,45,'PAYED');
INSERT INTO orders (order_id, order_num, member_id, order_date, reservation_status) VALUES (37,20240619000037,2,'2023-08-06','PAYED');
INSERT INTO order_ticket (order_ticket_id, adult_count, adult_price, child_count, child_price, visit_date, order_id, ticket_id, reservation_ticket_id) VALUES (37,55,30000,45,20000,'2023-08-07',37,1,37);
INSERT INTO reservation (reservation_id, member_id) VALUES (38,null);
INSERT INTO reservation_ticket (id, reservation_id, ticket_id, reservation_date, visit_date, adult_count, child_count, reservation_status) VALUES (38,38,2,'2023-08-07','2023-08-08',45,55,'PAYED');
INSERT INTO orders (order_id, order_num, member_id, order_date, reservation_status) VALUES (38,20240619000038,3,'2023-08-07','PAYED');
INSERT INTO order_ticket (order_ticket_id, adult_count, adult_price, child_count, child_price, visit_date, order_id, ticket_id, reservation_ticket_id) VALUES (38,45,30000,55,20000,'2023-08-08',38,2,38);
INSERT INTO reservation (reservation_id, member_id) VALUES (39,null);
INSERT INTO reservation_ticket (id, reservation_id, ticket_id, reservation_date, visit_date, adult_count, child_count, reservation_status) VALUES (39,39,1,'2023-08-08','2023-08-09',52,48,'PAYED');
INSERT INTO orders (order_id, order_num, member_id, order_date, reservation_status) VALUES (39,20240619000039,4,'2023-08-08','PAYED');
INSERT INTO order_ticket (order_ticket_id, adult_count, adult_price, child_count, child_price, visit_date, order_id, ticket_id, reservation_ticket_id) VALUES (39,52,30000,48,20000,'2023-08-09',39,1,39);
INSERT INTO reservation (reservation_id, member_id) VALUES (40,null);
INSERT INTO reservation_ticket (id, reservation_id, ticket_id, reservation_date, visit_date, adult_count, child_count, reservation_status) VALUES (40,40,2,'2023-08-09','2023-08-10',25,75,'PAYED');
INSERT INTO orders (order_id, order_num, member_id, order_date, reservation_status) VALUES (40,20240619000040,2,'2023-08-09','PAYED');
INSERT INTO order_ticket (order_ticket_id, adult_count, adult_price, child_count, child_price, visit_date, order_id, ticket_id, reservation_ticket_id) VALUES (40,25,30000,75,20000,'2023-08-10',40,2,40);
INSERT INTO reservation (reservation_id, member_id) VALUES (41,null);
INSERT INTO reservation_ticket (id, reservation_id, ticket_id, reservation_date, visit_date, adult_count, child_count, reservation_status) VALUES (41,41,1,'2023-08-10','2023-08-11',48,52,'PAYED');
INSERT INTO orders (order_id, order_num, member_id, order_date, reservation_status) VALUES (41,20240619000041,3,'2023-08-10','PAYED');
INSERT INTO order_ticket (order_ticket_id, adult_count, adult_price, child_count, child_price, visit_date, order_id, ticket_id, reservation_ticket_id) VALUES (41,48,30000,52,20000,'2023-08-11',41,1,41);
INSERT INTO reservation (reservation_id, member_id) VALUES (42,null);
INSERT INTO reservation_ticket (id, reservation_id, ticket_id, reservation_date, visit_date, adult_count, child_count, reservation_status) VALUES (42,42,2,'2023-08-11','2023-08-12',45,55,'PAYED');
INSERT INTO orders (order_id, order_num, member_id, order_date, reservation_status) VALUES (42,20240619000042,4,'2023-08-11','PAYED');
INSERT INTO order_ticket (order_ticket_id, adult_count, adult_price, child_count, child_price, visit_date, order_id, ticket_id, reservation_ticket_id) VALUES (42,45,30000,55,20000,'2023-08-12',42,2,42);
INSERT INTO reservation (reservation_id, member_id) VALUES (43,null);
INSERT INTO reservation_ticket (id, reservation_id, ticket_id, reservation_date, visit_date, adult_count, child_count, reservation_status) VALUES (43,43,1,'2023-08-12','2023-08-13',70,30,'PAYED');
INSERT INTO orders (order_id, order_num, member_id, order_date, reservation_status) VALUES (43,20240619000043,2,'2023-08-12','PAYED');
INSERT INTO order_ticket (order_ticket_id, adult_count, adult_price, child_count, child_price, visit_date, order_id, ticket_id, reservation_ticket_id) VALUES (43,70,30000,30,20000,'2023-08-13',43,1,43);
INSERT INTO reservation (reservation_id, member_id) VALUES (44,null);
INSERT INTO reservation_ticket (id, reservation_id, ticket_id, reservation_date, visit_date, adult_count, child_count, reservation_status) VALUES (44,44,2,'2023-08-13','2023-08-14',60,40,'PAYED');
INSERT INTO orders (order_id, order_num, member_id, order_date, reservation_status) VALUES (44,20240619000044,3,'2023-08-13','PAYED');
INSERT INTO order_ticket (order_ticket_id, adult_count, adult_price, child_count, child_price, visit_date, order_id, ticket_id, reservation_ticket_id) VALUES (44,60,30000,40,20000,'2023-08-14',44,2,44);
INSERT INTO reservation (reservation_id, member_id) VALUES (45,null);
INSERT INTO reservation_ticket (id, reservation_id, ticket_id, reservation_date, visit_date, adult_count, child_count, reservation_status) VALUES (45,45,1,'2023-08-14','2023-08-15',18,82,'PAYED');
INSERT INTO orders (order_id, order_num, member_id, order_date, reservation_status) VALUES (45,20240619000045,4,'2023-08-14','PAYED');
INSERT INTO order_ticket (order_ticket_id, adult_count, adult_price, child_count, child_price, visit_date, order_id, ticket_id, reservation_ticket_id) VALUES (45,18,30000,82,20000,'2023-08-15',45,1,45);
INSERT INTO reservation (reservation_id, member_id) VALUES (46,null);
INSERT INTO reservation_ticket (id, reservation_id, ticket_id, reservation_date, visit_date, adult_count, child_count, reservation_status) VALUES (46,46,2,'2023-08-15','2023-08-16',32,68,'PAYED');
INSERT INTO orders (order_id, order_num, member_id, order_date, reservation_status) VALUES (46,20240619000046,2,'2023-08-15','PAYED');
INSERT INTO order_ticket (order_ticket_id, adult_count, adult_price, child_count, child_price, visit_date, order_id, ticket_id, reservation_ticket_id) VALUES (46,32,30000,68,20000,'2023-08-16',46,2,46);
INSERT INTO reservation (reservation_id, member_id) VALUES (47,null);
INSERT INTO reservation_ticket (id, reservation_id, ticket_id, reservation_date, visit_date, adult_count, child_count, reservation_status) VALUES (47,47,1,'2023-08-16','2023-08-17',21,79,'PAYED');
INSERT INTO orders (order_id, order_num, member_id, order_date, reservation_status) VALUES (47,20240619000047,3,'2023-08-16','PAYED');
INSERT INTO order_ticket (order_ticket_id, adult_count, adult_price, child_count, child_price, visit_date, order_id, ticket_id, reservation_ticket_id) VALUES (47,21,30000,79,20000,'2023-08-17',47,1,47);
INSERT INTO reservation (reservation_id, member_id) VALUES (48,null);
INSERT INTO reservation_ticket (id, reservation_id, ticket_id, reservation_date, visit_date, adult_count, child_count, reservation_status) VALUES (48,48,2,'2023-08-17','2023-08-18',13,87,'PAYED');
INSERT INTO orders (order_id, order_num, member_id, order_date, reservation_status) VALUES (48,20240619000048,4,'2023-08-17','PAYED');
INSERT INTO order_ticket (order_ticket_id, adult_count, adult_price, child_count, child_price, visit_date, order_id, ticket_id, reservation_ticket_id) VALUES (48,13,30000,87,20000,'2023-08-18',48,2,48);
INSERT INTO reservation (reservation_id, member_id) VALUES (49,null);
INSERT INTO reservation_ticket (id, reservation_id, ticket_id, reservation_date, visit_date, adult_count, child_count, reservation_status) VALUES (49,49,1,'2023-08-18','2023-08-19',14,86,'PAYED');
INSERT INTO orders (order_id, order_num, member_id, order_date, reservation_status) VALUES (49,20240619000049,2,'2023-08-18','PAYED');
INSERT INTO order_ticket (order_ticket_id, adult_count, adult_price, child_count, child_price, visit_date, order_id, ticket_id, reservation_ticket_id) VALUES (49,14,30000,86,20000,'2023-08-19',49,1,49);
INSERT INTO reservation (reservation_id, member_id) VALUES (50,null);
INSERT INTO reservation_ticket (id, reservation_id, ticket_id, reservation_date, visit_date, adult_count, child_count, reservation_status) VALUES (50,50,2,'2023-08-19','2023-08-20',25,75,'PAYED');
INSERT INTO orders (order_id, order_num, member_id, order_date, reservation_status) VALUES (50,20240619000050,3,'2023-08-19','PAYED');
INSERT INTO order_ticket (order_ticket_id, adult_count, adult_price, child_count, child_price, visit_date, order_id, ticket_id, reservation_ticket_id) VALUES (50,25,30000,75,20000,'2023-08-20',50,2,50);
INSERT INTO reservation (reservation_id, member_id) VALUES (51,null);
INSERT INTO reservation_ticket (id, reservation_id, ticket_id, reservation_date, visit_date, adult_count, child_count, reservation_status) VALUES (51,51,1,'2023-08-20','2023-08-21',55,45,'PAYED');
INSERT INTO orders (order_id, order_num, member_id, order_date, reservation_status) VALUES (51,20240619000051,4,'2023-08-20','PAYED');
INSERT INTO order_ticket (order_ticket_id, adult_count, adult_price, child_count, child_price, visit_date, order_id, ticket_id, reservation_ticket_id) VALUES (51,55,30000,45,20000,'2023-08-21',51,1,51);
INSERT INTO reservation (reservation_id, member_id) VALUES (52,null);
INSERT INTO reservation_ticket (id, reservation_id, ticket_id, reservation_date, visit_date, adult_count, child_count, reservation_status) VALUES (52,52,2,'2023-08-21','2023-08-22',28,72,'PAYED');
INSERT INTO orders (order_id, order_num, member_id, order_date, reservation_status) VALUES (52,20240619000052,2,'2023-08-21','PAYED');
INSERT INTO order_ticket (order_ticket_id, adult_count, adult_price, child_count, child_price, visit_date, order_id, ticket_id, reservation_ticket_id) VALUES (52,28,30000,72,20000,'2023-08-22',52,2,52);
INSERT INTO reservation (reservation_id, member_id) VALUES (53,null);
INSERT INTO reservation_ticket (id, reservation_id, ticket_id, reservation_date, visit_date, adult_count, child_count, reservation_status) VALUES (53,53,1,'2023-08-22','2023-08-23',46,54,'PAYED');
INSERT INTO orders (order_id, order_num, member_id, order_date, reservation_status) VALUES (53,20240619000053,3,'2023-08-22','PAYED');
INSERT INTO order_ticket (order_ticket_id, adult_count, adult_price, child_count, child_price, visit_date, order_id, ticket_id, reservation_ticket_id) VALUES (53,46,30000,54,20000,'2023-08-23',53,1,53);
INSERT INTO reservation (reservation_id, member_id) VALUES (54,null);
INSERT INTO reservation_ticket (id, reservation_id, ticket_id, reservation_date, visit_date, adult_count, child_count, reservation_status) VALUES (54,54,2,'2023-08-23','2023-08-24',45,55,'PAYED');
INSERT INTO orders (order_id, order_num, member_id, order_date, reservation_status) VALUES (54,20240619000054,4,'2023-08-23','PAYED');
INSERT INTO order_ticket (order_ticket_id, adult_count, adult_price, child_count, child_price, visit_date, order_id, ticket_id, reservation_ticket_id) VALUES (54,45,30000,55,20000,'2023-08-24',54,2,54);
INSERT INTO reservation (reservation_id, member_id) VALUES (55,null);
INSERT INTO reservation_ticket (id, reservation_id, ticket_id, reservation_date, visit_date, adult_count, child_count, reservation_status) VALUES (55,55,1,'2023-08-24','2023-08-25',10,90,'PAYED');
INSERT INTO orders (order_id, order_num, member_id, order_date, reservation_status) VALUES (55,20240619000055,2,'2023-08-24','PAYED');
INSERT INTO order_ticket (order_ticket_id, adult_count, adult_price, child_count, child_price, visit_date, order_id, ticket_id, reservation_ticket_id) VALUES (55,10,30000,90,20000,'2023-08-25',55,1,55);
INSERT INTO reservation (reservation_id, member_id) VALUES (56,null);
INSERT INTO reservation_ticket (id, reservation_id, ticket_id, reservation_date, visit_date, adult_count, child_count, reservation_status) VALUES (56,56,2,'2023-08-25','2023-08-26',30,70,'PAYED');
INSERT INTO orders (order_id, order_num, member_id, order_date, reservation_status) VALUES (56,20240619000056,3,'2023-08-25','PAYED');
INSERT INTO order_ticket (order_ticket_id, adult_count, adult_price, child_count, child_price, visit_date, order_id, ticket_id, reservation_ticket_id) VALUES (56,30,30000,70,20000,'2023-08-26',56,2,56);
INSERT INTO reservation (reservation_id, member_id) VALUES (57,null);
INSERT INTO reservation_ticket (id, reservation_id, ticket_id, reservation_date, visit_date, adult_count, child_count, reservation_status) VALUES (57,57,1,'2023-08-26','2023-08-27',20,80,'PAYED');
INSERT INTO orders (order_id, order_num, member_id, order_date, reservation_status) VALUES (57,20240619000057,4,'2023-08-26','PAYED');
INSERT INTO order_ticket (order_ticket_id, adult_count, adult_price, child_count, child_price, visit_date, order_id, ticket_id, reservation_ticket_id) VALUES (57,20,30000,80,20000,'2023-08-27',57,1,57);
INSERT INTO reservation (reservation_id, member_id) VALUES (58,null);
INSERT INTO reservation_ticket (id, reservation_id, ticket_id, reservation_date, visit_date, adult_count, child_count, reservation_status) VALUES (58,58,2,'2023-08-27','2023-08-28',70,30,'PAYED');
INSERT INTO orders (order_id, order_num, member_id, order_date, reservation_status) VALUES (58,20240619000058,2,'2023-08-27','PAYED');
INSERT INTO order_ticket (order_ticket_id, adult_count, adult_price, child_count, child_price, visit_date, order_id, ticket_id, reservation_ticket_id) VALUES (58,70,30000,30,20000,'2023-08-28',58,2,58);
INSERT INTO reservation (reservation_id, member_id) VALUES (59,null);
INSERT INTO reservation_ticket (id, reservation_id, ticket_id, reservation_date, visit_date, adult_count, child_count, reservation_status) VALUES (59,59,1,'2023-08-28','2023-08-29',30,70,'PAYED');
INSERT INTO orders (order_id, order_num, member_id, order_date, reservation_status) VALUES (59,20240619000059,3,'2023-08-28','PAYED');
INSERT INTO order_ticket (order_ticket_id, adult_count, adult_price, child_count, child_price, visit_date, order_id, ticket_id, reservation_ticket_id) VALUES (59,30,30000,70,20000,'2023-08-29',59,1,59);
INSERT INTO reservation (reservation_id, member_id) VALUES (60,null);
INSERT INTO reservation_ticket (id, reservation_id, ticket_id, reservation_date, visit_date, adult_count, child_count, reservation_status) VALUES (60,60,2,'2023-08-29','2023-08-30',54,46,'PAYED');
INSERT INTO orders (order_id, order_num, member_id, order_date, reservation_status) VALUES (60,20240619000060,4,'2023-08-29','PAYED');
INSERT INTO order_ticket (order_ticket_id, adult_count, adult_price, child_count, child_price, visit_date, order_id, ticket_id, reservation_ticket_id) VALUES (60,54,30000,46,20000,'2023-08-30',60,2,60);
INSERT INTO reservation (reservation_id, member_id) VALUES (61,null);
INSERT INTO reservation_ticket (id, reservation_id, ticket_id, reservation_date, visit_date, adult_count, child_count, reservation_status) VALUES (61,61,1,'2023-08-30','2023-08-31',45,55,'PAYED');
INSERT INTO orders (order_id, order_num, member_id, order_date, reservation_status) VALUES (61,20240619000061,2,'2023-08-30','PAYED');
INSERT INTO order_ticket (order_ticket_id, adult_count, adult_price, child_count, child_price, visit_date, order_id, ticket_id, reservation_ticket_id) VALUES (61,45,30000,55,20000,'2023-08-31',61,1,61);
INSERT INTO reservation (reservation_id, member_id) VALUES (62,null);
INSERT INTO reservation_ticket (id, reservation_id, ticket_id, reservation_date, visit_date, adult_count, child_count, reservation_status) VALUES (62,62,2,'2023-08-31','2023-09-01',70,30,'PAYED');
INSERT INTO orders (order_id, order_num, member_id, order_date, reservation_status) VALUES (62,20240619000062,3,'2023-08-31','PAYED');
INSERT INTO order_ticket (order_ticket_id, adult_count, adult_price, child_count, child_price, visit_date, order_id, ticket_id, reservation_ticket_id) VALUES (62,70,30000,30,20000,'2023-09-01',62,2,62);
INSERT INTO reservation (reservation_id, member_id) VALUES (63,null);
INSERT INTO reservation_ticket (id, reservation_id, ticket_id, reservation_date, visit_date, adult_count, child_count, reservation_status) VALUES (63,63,1,'2023-09-01','2023-09-02',60,40,'PAYED');
INSERT INTO orders (order_id, order_num, member_id, order_date, reservation_status) VALUES (63,20240619000063,4,'2023-09-01','PAYED');
INSERT INTO order_ticket (order_ticket_id, adult_count, adult_price, child_count, child_price, visit_date, order_id, ticket_id, reservation_ticket_id) VALUES (63,60,30000,40,20000,'2023-09-02',63,1,63);
INSERT INTO reservation (reservation_id, member_id) VALUES (64,null);
INSERT INTO reservation_ticket (id, reservation_id, ticket_id, reservation_date, visit_date, adult_count, child_count, reservation_status) VALUES (64,64,2,'2023-09-02','2023-09-03',18,82,'PAYED');
INSERT INTO orders (order_id, order_num, member_id, order_date, reservation_status) VALUES (64,20240619000064,2,'2023-09-02','PAYED');
INSERT INTO order_ticket (order_ticket_id, adult_count, adult_price, child_count, child_price, visit_date, order_id, ticket_id, reservation_ticket_id) VALUES (64,18,30000,82,20000,'2023-09-03',64,2,64);
INSERT INTO reservation (reservation_id, member_id) VALUES (65,null);
INSERT INTO reservation_ticket (id, reservation_id, ticket_id, reservation_date, visit_date, adult_count, child_count, reservation_status) VALUES (65,65,1,'2023-09-03','2023-09-04',32,68,'PAYED');
INSERT INTO orders (order_id, order_num, member_id, order_date, reservation_status) VALUES (65,20240619000065,3,'2023-09-03','PAYED');
INSERT INTO order_ticket (order_ticket_id, adult_count, adult_price, child_count, child_price, visit_date, order_id, ticket_id, reservation_ticket_id) VALUES (65,32,30000,68,20000,'2023-09-04',65,1,65);
INSERT INTO reservation (reservation_id, member_id) VALUES (66,null);
INSERT INTO reservation_ticket (id, reservation_id, ticket_id, reservation_date, visit_date, adult_count, child_count, reservation_status) VALUES (66,66,2,'2023-09-04','2023-09-05',21,79,'PAYED');
INSERT INTO orders (order_id, order_num, member_id, order_date, reservation_status) VALUES (66,20240619000066,4,'2023-09-04','PAYED');
INSERT INTO order_ticket (order_ticket_id, adult_count, adult_price, child_count, child_price, visit_date, order_id, ticket_id, reservation_ticket_id) VALUES (66,21,30000,79,20000,'2023-09-05',66,2,66);
INSERT INTO reservation (reservation_id, member_id) VALUES (67,null);
INSERT INTO reservation_ticket (id, reservation_id, ticket_id, reservation_date, visit_date, adult_count, child_count, reservation_status) VALUES (67,67,1,'2023-09-05','2023-09-06',13,87,'PAYED');
INSERT INTO orders (order_id, order_num, member_id, order_date, reservation_status) VALUES (67,20240619000067,2,'2023-09-05','PAYED');
INSERT INTO order_ticket (order_ticket_id, adult_count, adult_price, child_count, child_price, visit_date, order_id, ticket_id, reservation_ticket_id) VALUES (67,13,30000,87,20000,'2023-09-06',67,1,67);
INSERT INTO reservation (reservation_id, member_id) VALUES (68,null);
INSERT INTO reservation_ticket (id, reservation_id, ticket_id, reservation_date, visit_date, adult_count, child_count, reservation_status) VALUES (68,68,2,'2023-09-06','2023-09-07',14,86,'PAYED');
INSERT INTO orders (order_id, order_num, member_id, order_date, reservation_status) VALUES (68,20240619000068,3,'2023-09-06','PAYED');
INSERT INTO order_ticket (order_ticket_id, adult_count, adult_price, child_count, child_price, visit_date, order_id, ticket_id, reservation_ticket_id) VALUES (68,14,30000,86,20000,'2023-09-07',68,2,68);
INSERT INTO reservation (reservation_id, member_id) VALUES (69,null);
INSERT INTO reservation_ticket (id, reservation_id, ticket_id, reservation_date, visit_date, adult_count, child_count, reservation_status) VALUES (69,69,1,'2023-09-07','2023-09-08',24,76,'PAYED');
INSERT INTO orders (order_id, order_num, member_id, order_date, reservation_status) VALUES (69,20240619000069,4,'2023-09-07','PAYED');
INSERT INTO order_ticket (order_ticket_id, adult_count, adult_price, child_count, child_price, visit_date, order_id, ticket_id, reservation_ticket_id) VALUES (69,24,30000,76,20000,'2023-09-08',69,1,69);
INSERT INTO reservation (reservation_id, member_id) VALUES (70,null);
INSERT INTO reservation_ticket (id, reservation_id, ticket_id, reservation_date, visit_date, adult_count, child_count, reservation_status) VALUES (70,70,2,'2023-09-08','2023-09-09',46,54,'PAYED');
INSERT INTO orders (order_id, order_num, member_id, order_date, reservation_status) VALUES (70,20240619000070,2,'2023-09-08','PAYED');
INSERT INTO order_ticket (order_ticket_id, adult_count, adult_price, child_count, child_price, visit_date, order_id, ticket_id, reservation_ticket_id) VALUES (70,46,30000,54,20000,'2023-09-09',70,2,70);
INSERT INTO reservation (reservation_id, member_id) VALUES (71,null);
INSERT INTO reservation_ticket (id, reservation_id, ticket_id, reservation_date, visit_date, adult_count, child_count, reservation_status) VALUES (71,71,1,'2023-09-09','2023-09-10',45,55,'PAYED');
INSERT INTO orders (order_id, order_num, member_id, order_date, reservation_status) VALUES (71,20240619000071,3,'2023-09-09','PAYED');
INSERT INTO order_ticket (order_ticket_id, adult_count, adult_price, child_count, child_price, visit_date, order_id, ticket_id, reservation_ticket_id) VALUES (71,45,30000,55,20000,'2023-09-10',71,1,71);
INSERT INTO reservation (reservation_id, member_id) VALUES (72,null);
INSERT INTO reservation_ticket (id, reservation_id, ticket_id, reservation_date, visit_date, adult_count, child_count, reservation_status) VALUES (72,72,2,'2023-09-10','2023-09-11',10,90,'PAYED');
INSERT INTO orders (order_id, order_num, member_id, order_date, reservation_status) VALUES (72,20240619000072,4,'2023-09-10','PAYED');
INSERT INTO order_ticket (order_ticket_id, adult_count, adult_price, child_count, child_price, visit_date, order_id, ticket_id, reservation_ticket_id) VALUES (72,10,30000,90,20000,'2023-09-11',72,2,72);
INSERT INTO reservation (reservation_id, member_id) VALUES (73,null);
INSERT INTO reservation_ticket (id, reservation_id, ticket_id, reservation_date, visit_date, adult_count, child_count, reservation_status) VALUES (73,73,1,'2023-09-11','2023-09-12',30,70,'PAYED');
INSERT INTO orders (order_id, order_num, member_id, order_date, reservation_status) VALUES (73,20240619000073,2,'2023-09-11','PAYED');
INSERT INTO order_ticket (order_ticket_id, adult_count, adult_price, child_count, child_price, visit_date, order_id, ticket_id, reservation_ticket_id) VALUES (73,30,30000,70,20000,'2023-09-12',73,1,73);
INSERT INTO reservation (reservation_id, member_id) VALUES (74,null);
INSERT INTO reservation_ticket (id, reservation_id, ticket_id, reservation_date, visit_date, adult_count, child_count, reservation_status) VALUES (74,74,2,'2023-09-12','2023-09-13',20,80,'PAYED');
INSERT INTO orders (order_id, order_num, member_id, order_date, reservation_status) VALUES (74,20240619000074,3,'2023-09-12','PAYED');
INSERT INTO order_ticket (order_ticket_id, adult_count, adult_price, child_count, child_price, visit_date, order_id, ticket_id, reservation_ticket_id) VALUES (74,20,30000,80,20000,'2023-09-13',74,2,74);
INSERT INTO reservation (reservation_id, member_id) VALUES (75,null);
INSERT INTO reservation_ticket (id, reservation_id, ticket_id, reservation_date, visit_date, adult_count, child_count, reservation_status) VALUES (75,75,1,'2023-09-13','2023-09-14',70,30,'PAYED');
INSERT INTO orders (order_id, order_num, member_id, order_date, reservation_status) VALUES (75,20240619000075,4,'2023-09-13','PAYED');
INSERT INTO order_ticket (order_ticket_id, adult_count, adult_price, child_count, child_price, visit_date, order_id, ticket_id, reservation_ticket_id) VALUES (75,70,30000,30,20000,'2023-09-14',75,1,75);
INSERT INTO reservation (reservation_id, member_id) VALUES (76,null);
INSERT INTO reservation_ticket (id, reservation_id, ticket_id, reservation_date, visit_date, adult_count, child_count, reservation_status) VALUES (76,76,2,'2023-09-14','2023-09-15',30,70,'PAYED');
INSERT INTO orders (order_id, order_num, member_id, order_date, reservation_status) VALUES (76,20240619000076,2,'2023-09-14','PAYED');
INSERT INTO order_ticket (order_ticket_id, adult_count, adult_price, child_count, child_price, visit_date, order_id, ticket_id, reservation_ticket_id) VALUES (76,30,30000,70,20000,'2023-09-15',76,2,76);
INSERT INTO reservation (reservation_id, member_id) VALUES (77,null);
INSERT INTO reservation_ticket (id, reservation_id, ticket_id, reservation_date, visit_date, adult_count, child_count, reservation_status) VALUES (77,77,1,'2023-09-15','2023-09-16',31,69,'PAYED');
INSERT INTO orders (order_id, order_num, member_id, order_date, reservation_status) VALUES (77,20240619000077,3,'2023-09-15','PAYED');
INSERT INTO order_ticket (order_ticket_id, adult_count, adult_price, child_count, child_price, visit_date, order_id, ticket_id, reservation_ticket_id) VALUES (77,31,30000,69,20000,'2023-09-16',77,1,77);
INSERT INTO reservation (reservation_id, member_id) VALUES (78,null);
INSERT INTO reservation_ticket (id, reservation_id, ticket_id, reservation_date, visit_date, adult_count, child_count, reservation_status) VALUES (78,78,2,'2023-09-16','2023-09-17',44,56,'PAYED');
INSERT INTO orders (order_id, order_num, member_id, order_date, reservation_status) VALUES (78,20240619000078,4,'2023-09-16','PAYED');
INSERT INTO order_ticket (order_ticket_id, adult_count, adult_price, child_count, child_price, visit_date, order_id, ticket_id, reservation_ticket_id) VALUES (78,44,30000,56,20000,'2023-09-17',78,2,78);
INSERT INTO reservation (reservation_id, member_id) VALUES (79,null);
INSERT INTO reservation_ticket (id, reservation_id, ticket_id, reservation_date, visit_date, adult_count, child_count, reservation_status) VALUES (79,79,1,'2023-09-17','2023-09-18',33,67,'PAYED');
INSERT INTO orders (order_id, order_num, member_id, order_date, reservation_status) VALUES (79,20240619000079,2,'2023-09-17','PAYED');
INSERT INTO order_ticket (order_ticket_id, adult_count, adult_price, child_count, child_price, visit_date, order_id, ticket_id, reservation_ticket_id) VALUES (79,33,30000,67,20000,'2023-09-18',79,1,79);
INSERT INTO reservation (reservation_id, member_id) VALUES (80,null);
INSERT INTO reservation_ticket (id, reservation_id, ticket_id, reservation_date, visit_date, adult_count, child_count, reservation_status) VALUES (80,80,2,'2023-09-18','2023-09-19',75,25,'PAYED');
INSERT INTO orders (order_id, order_num, member_id, order_date, reservation_status) VALUES (80,20240619000080,3,'2023-09-18','PAYED');
INSERT INTO order_ticket (order_ticket_id, adult_count, adult_price, child_count, child_price, visit_date, order_id, ticket_id, reservation_ticket_id) VALUES (80,75,30000,25,20000,'2023-09-19',80,2,80);
INSERT INTO reservation (reservation_id, member_id) VALUES (81,null);
INSERT INTO reservation_ticket (id, reservation_id, ticket_id, reservation_date, visit_date, adult_count, child_count, reservation_status) VALUES (81,81,1,'2023-09-19','2023-09-20',45,55,'PAYED');
INSERT INTO orders (order_id, order_num, member_id, order_date, reservation_status) VALUES (81,20240619000081,4,'2023-09-19','PAYED');
INSERT INTO order_ticket (order_ticket_id, adult_count, adult_price, child_count, child_price, visit_date, order_id, ticket_id, reservation_ticket_id) VALUES (81,45,30000,55,20000,'2023-09-20',81,1,81);
INSERT INTO reservation (reservation_id, member_id) VALUES (82,null);
INSERT INTO reservation_ticket (id, reservation_id, ticket_id, reservation_date, visit_date, adult_count, child_count, reservation_status) VALUES (82,82,2,'2023-09-20','2023-09-21',52,48,'PAYED');
INSERT INTO orders (order_id, order_num, member_id, order_date, reservation_status) VALUES (82,20240619000082,2,'2023-09-20','PAYED');
INSERT INTO order_ticket (order_ticket_id, adult_count, adult_price, child_count, child_price, visit_date, order_id, ticket_id, reservation_ticket_id) VALUES (82,52,30000,48,20000,'2023-09-21',82,2,82);
INSERT INTO reservation (reservation_id, member_id) VALUES (83,null);
INSERT INTO reservation_ticket (id, reservation_id, ticket_id, reservation_date, visit_date, adult_count, child_count, reservation_status) VALUES (83,83,1,'2023-09-21','2023-09-22',24,76,'PAYED');
INSERT INTO orders (order_id, order_num, member_id, order_date, reservation_status) VALUES (83,20240619000083,3,'2023-09-21','PAYED');
INSERT INTO order_ticket (order_ticket_id, adult_count, adult_price, child_count, child_price, visit_date, order_id, ticket_id, reservation_ticket_id) VALUES (83,24,30000,76,20000,'2023-09-22',83,1,83);
INSERT INTO reservation (reservation_id, member_id) VALUES (84,null);
INSERT INTO reservation_ticket (id, reservation_id, ticket_id, reservation_date, visit_date, adult_count, child_count, reservation_status) VALUES (84,84,2,'2023-09-22','2023-09-23',94,6,'PAYED');
INSERT INTO orders (order_id, order_num, member_id, order_date, reservation_status) VALUES (84,20240619000084,4,'2023-09-22','PAYED');
INSERT INTO order_ticket (order_ticket_id, adult_count, adult_price, child_count, child_price, visit_date, order_id, ticket_id, reservation_ticket_id) VALUES (84,94,30000,6,20000,'2023-09-23',84,2,84);
INSERT INTO reservation (reservation_id, member_id) VALUES (85,null);
INSERT INTO reservation_ticket (id, reservation_id, ticket_id, reservation_date, visit_date, adult_count, child_count, reservation_status) VALUES (85,85,1,'2023-09-23','2023-09-24',56,44,'PAYED');
INSERT INTO orders (order_id, order_num, member_id, order_date, reservation_status) VALUES (85,20240619000085,2,'2023-09-23','PAYED');
INSERT INTO order_ticket (order_ticket_id, adult_count, adult_price, child_count, child_price, visit_date, order_id, ticket_id, reservation_ticket_id) VALUES (85,56,30000,44,20000,'2023-09-24',85,1,85);
INSERT INTO reservation (reservation_id, member_id) VALUES (86,null);
INSERT INTO reservation_ticket (id, reservation_id, ticket_id, reservation_date, visit_date, adult_count, child_count, reservation_status) VALUES (86,86,2,'2023-09-24','2023-09-25',67,33,'PAYED');
INSERT INTO orders (order_id, order_num, member_id, order_date, reservation_status) VALUES (86,20240619000086,3,'2023-09-24','PAYED');
INSERT INTO order_ticket (order_ticket_id, adult_count, adult_price, child_count, child_price, visit_date, order_id, ticket_id, reservation_ticket_id) VALUES (86,67,30000,33,20000,'2023-09-25',86,2,86);
INSERT INTO reservation (reservation_id, member_id) VALUES (87,null);
INSERT INTO reservation_ticket (id, reservation_id, ticket_id, reservation_date, visit_date, adult_count, child_count, reservation_status) VALUES (87,87,1,'2023-09-25','2023-09-26',25,75,'PAYED');
INSERT INTO orders (order_id, order_num, member_id, order_date, reservation_status) VALUES (87,20240619000087,4,'2023-09-25','PAYED');
INSERT INTO order_ticket (order_ticket_id, adult_count, adult_price, child_count, child_price, visit_date, order_id, ticket_id, reservation_ticket_id) VALUES (87,25,30000,75,20000,'2023-09-26',87,1,87);
INSERT INTO reservation (reservation_id, member_id) VALUES (88,null);
INSERT INTO reservation_ticket (id, reservation_id, ticket_id, reservation_date, visit_date, adult_count, child_count, reservation_status) VALUES (88,88,2,'2023-09-26','2023-09-27',55,45,'PAYED');
INSERT INTO orders (order_id, order_num, member_id, order_date, reservation_status) VALUES (88,20240619000088,2,'2023-09-26','PAYED');
INSERT INTO order_ticket (order_ticket_id, adult_count, adult_price, child_count, child_price, visit_date, order_id, ticket_id, reservation_ticket_id) VALUES (88,55,30000,45,20000,'2023-09-27',88,2,88);
INSERT INTO reservation (reservation_id, member_id) VALUES (89,null);
INSERT INTO reservation_ticket (id, reservation_id, ticket_id, reservation_date, visit_date, adult_count, child_count, reservation_status) VALUES (89,89,1,'2023-09-27','2023-09-28',45,55,'PAYED');
INSERT INTO orders (order_id, order_num, member_id, order_date, reservation_status) VALUES (89,20240619000089,3,'2023-09-27','PAYED');
INSERT INTO order_ticket (order_ticket_id, adult_count, adult_price, child_count, child_price, visit_date, order_id, ticket_id, reservation_ticket_id) VALUES (89,45,30000,55,20000,'2023-09-28',89,1,89);
INSERT INTO reservation (reservation_id, member_id) VALUES (90,null);
INSERT INTO reservation_ticket (id, reservation_id, ticket_id, reservation_date, visit_date, adult_count, child_count, reservation_status) VALUES (90,90,2,'2023-09-28','2023-09-29',52,48,'PAYED');
INSERT INTO orders (order_id, order_num, member_id, order_date, reservation_status) VALUES (90,20240619000090,4,'2023-09-28','PAYED');
INSERT INTO order_ticket (order_ticket_id, adult_count, adult_price, child_count, child_price, visit_date, order_id, ticket_id, reservation_ticket_id) VALUES (90,52,30000,48,20000,'2023-09-29',90,2,90);
INSERT INTO reservation (reservation_id, member_id) VALUES (91,null);
INSERT INTO reservation_ticket (id, reservation_id, ticket_id, reservation_date, visit_date, adult_count, child_count, reservation_status) VALUES (91,91,1,'2023-09-29','2023-09-30',25,75,'PAYED');
INSERT INTO orders (order_id, order_num, member_id, order_date, reservation_status) VALUES (91,20240619000091,2,'2023-09-29','PAYED');
INSERT INTO order_ticket (order_ticket_id, adult_count, adult_price, child_count, child_price, visit_date, order_id, ticket_id, reservation_ticket_id) VALUES (91,25,30000,75,20000,'2023-09-30',91,1,91);
INSERT INTO reservation (reservation_id, member_id) VALUES (92,null);
INSERT INTO reservation_ticket (id, reservation_id, ticket_id, reservation_date, visit_date, adult_count, child_count, reservation_status) VALUES (92,92,2,'2023-09-30','2023-10-01',48,52,'PAYED');
INSERT INTO orders (order_id, order_num, member_id, order_date, reservation_status) VALUES (92,20240619000092,3,'2023-09-30','PAYED');
INSERT INTO order_ticket (order_ticket_id, adult_count, adult_price, child_count, child_price, visit_date, order_id, ticket_id, reservation_ticket_id) VALUES (92,48,30000,52,20000,'2023-10-01',92,2,92);
INSERT INTO reservation (reservation_id, member_id) VALUES (93,null);
INSERT INTO reservation_ticket (id, reservation_id, ticket_id, reservation_date, visit_date, adult_count, child_count, reservation_status) VALUES (93,93,1,'2023-10-01','2023-10-02',45,55,'PAYED');
INSERT INTO orders (order_id, order_num, member_id, order_date, reservation_status) VALUES (93,20240619000093,4,'2023-10-01','PAYED');
INSERT INTO order_ticket (order_ticket_id, adult_count, adult_price, child_count, child_price, visit_date, order_id, ticket_id, reservation_ticket_id) VALUES (93,45,30000,55,20000,'2023-10-02',93,1,93);
INSERT INTO reservation (reservation_id, member_id) VALUES (94,null);
INSERT INTO reservation_ticket (id, reservation_id, ticket_id, reservation_date, visit_date, adult_count, child_count, reservation_status) VALUES (94,94,2,'2023-10-02','2023-10-03',70,30,'PAYED');
INSERT INTO orders (order_id, order_num, member_id, order_date, reservation_status) VALUES (94,20240619000094,2,'2023-10-02','PAYED');
INSERT INTO order_ticket (order_ticket_id, adult_count, adult_price, child_count, child_price, visit_date, order_id, ticket_id, reservation_ticket_id) VALUES (94,70,30000,30,20000,'2023-10-03',94,2,94);
INSERT INTO reservation (reservation_id, member_id) VALUES (95,null);
INSERT INTO reservation_ticket (id, reservation_id, ticket_id, reservation_date, visit_date, adult_count, child_count, reservation_status) VALUES (95,95,1,'2023-10-03','2023-10-04',60,40,'PAYED');
INSERT INTO orders (order_id, order_num, member_id, order_date, reservation_status) VALUES (95,20240619000095,3,'2023-10-03','PAYED');
INSERT INTO order_ticket (order_ticket_id, adult_count, adult_price, child_count, child_price, visit_date, order_id, ticket_id, reservation_ticket_id) VALUES (95,60,30000,40,20000,'2023-10-04',95,1,95);
INSERT INTO reservation (reservation_id, member_id) VALUES (96,null);
INSERT INTO reservation_ticket (id, reservation_id, ticket_id, reservation_date, visit_date, adult_count, child_count, reservation_status) VALUES (96,96,2,'2023-10-04','2023-10-05',18,82,'PAYED');
INSERT INTO orders (order_id, order_num, member_id, order_date, reservation_status) VALUES (96,20240619000096,4,'2023-10-04','PAYED');
INSERT INTO order_ticket (order_ticket_id, adult_count, adult_price, child_count, child_price, visit_date, order_id, ticket_id, reservation_ticket_id) VALUES (96,18,30000,82,20000,'2023-10-05',96,2,96);
INSERT INTO reservation (reservation_id, member_id) VALUES (97,null);
INSERT INTO reservation_ticket (id, reservation_id, ticket_id, reservation_date, visit_date, adult_count, child_count, reservation_status) VALUES (97,97,1,'2023-10-05','2023-10-06',32,68,'PAYED');
INSERT INTO orders (order_id, order_num, member_id, order_date, reservation_status) VALUES (97,20240619000097,2,'2023-10-05','PAYED');
INSERT INTO order_ticket (order_ticket_id, adult_count, adult_price, child_count, child_price, visit_date, order_id, ticket_id, reservation_ticket_id) VALUES (97,32,30000,68,20000,'2023-10-06',97,1,97);
INSERT INTO reservation (reservation_id, member_id) VALUES (98,null);
INSERT INTO reservation_ticket (id, reservation_id, ticket_id, reservation_date, visit_date, adult_count, child_count, reservation_status) VALUES (98,98,2,'2023-10-06','2023-10-07',21,79,'PAYED');
INSERT INTO orders (order_id, order_num, member_id, order_date, reservation_status) VALUES (98,20240619000098,3,'2023-10-06','PAYED');
INSERT INTO order_ticket (order_ticket_id, adult_count, adult_price, child_count, child_price, visit_date, order_id, ticket_id, reservation_ticket_id) VALUES (98,21,30000,79,20000,'2023-10-07',98,2,98);
INSERT INTO reservation (reservation_id, member_id) VALUES (99,null);
INSERT INTO reservation_ticket (id, reservation_id, ticket_id, reservation_date, visit_date, adult_count, child_count, reservation_status) VALUES (99,99,1,'2023-10-07','2023-10-08',13,87,'PAYED');
INSERT INTO orders (order_id, order_num, member_id, order_date, reservation_status) VALUES (99,20240619000099,4,'2023-10-07','PAYED');
INSERT INTO order_ticket (order_ticket_id, adult_count, adult_price, child_count, child_price, visit_date, order_id, ticket_id, reservation_ticket_id) VALUES (99,13,30000,87,20000,'2023-10-08',99,1,99);
INSERT INTO reservation (reservation_id, member_id) VALUES (100,null);
INSERT INTO reservation_ticket (id, reservation_id, ticket_id, reservation_date, visit_date, adult_count, child_count, reservation_status) VALUES (100,100,2,'2023-10-08','2023-10-09',14,86,'PAYED');
INSERT INTO orders (order_id, order_num, member_id, order_date, reservation_status) VALUES (100,20240619000100,2,'2023-10-08','PAYED');
INSERT INTO order_ticket (order_ticket_id, adult_count, adult_price, child_count, child_price, visit_date, order_id, ticket_id, reservation_ticket_id) VALUES (100,14,30000,86,20000,'2023-10-09',100,2,100);
INSERT INTO reservation (reservation_id, member_id) VALUES (101,null);
INSERT INTO reservation_ticket (id, reservation_id, ticket_id, reservation_date, visit_date, adult_count, child_count, reservation_status) VALUES (101,101,1,'2023-10-09','2023-10-10',24,76,'PAYED');
INSERT INTO orders (order_id, order_num, member_id, order_date, reservation_status) VALUES (101,20240619000101,3,'2023-10-09','PAYED');
INSERT INTO order_ticket (order_ticket_id, adult_count, adult_price, child_count, child_price, visit_date, order_id, ticket_id, reservation_ticket_id) VALUES (101,24,30000,76,20000,'2023-10-10',101,1,101);
INSERT INTO reservation (reservation_id, member_id) VALUES (102,null);
INSERT INTO reservation_ticket (id, reservation_id, ticket_id, reservation_date, visit_date, adult_count, child_count, reservation_status) VALUES (102,102,2,'2023-10-10','2023-10-11',77,23,'PAYED');
INSERT INTO orders (order_id, order_num, member_id, order_date, reservation_status) VALUES (102,20240619000102,4,'2023-10-10','PAYED');
INSERT INTO order_ticket (order_ticket_id, adult_count, adult_price, child_count, child_price, visit_date, order_id, ticket_id, reservation_ticket_id) VALUES (102,77,30000,23,20000,'2023-10-11',102,2,102);
INSERT INTO reservation (reservation_id, member_id) VALUES (103,null);
INSERT INTO reservation_ticket (id, reservation_id, ticket_id, reservation_date, visit_date, adult_count, child_count, reservation_status) VALUES (103,103,1,'2023-10-11','2023-10-12',66,34,'PAYED');
INSERT INTO orders (order_id, order_num, member_id, order_date, reservation_status) VALUES (103,20240619000103,2,'2023-10-11','PAYED');
INSERT INTO order_ticket (order_ticket_id, adult_count, adult_price, child_count, child_price, visit_date, order_id, ticket_id, reservation_ticket_id) VALUES (103,66,30000,34,20000,'2023-10-12',103,1,103);
INSERT INTO reservation (reservation_id, member_id) VALUES (104,null);
INSERT INTO reservation_ticket (id, reservation_id, ticket_id, reservation_date, visit_date, adult_count, child_count, reservation_status) VALUES (104,104,2,'2023-10-12','2023-10-13',55,45,'PAYED');
INSERT INTO orders (order_id, order_num, member_id, order_date, reservation_status) VALUES (104,20240619000104,3,'2023-10-12','PAYED');
INSERT INTO order_ticket (order_ticket_id, adult_count, adult_price, child_count, child_price, visit_date, order_id, ticket_id, reservation_ticket_id) VALUES (104,55,30000,45,20000,'2023-10-13',104,2,104);
INSERT INTO reservation (reservation_id, member_id) VALUES (105,null);
INSERT INTO reservation_ticket (id, reservation_id, ticket_id, reservation_date, visit_date, adult_count, child_count, reservation_status) VALUES (105,105,1,'2023-10-13','2023-10-14',44,56,'PAYED');
INSERT INTO orders (order_id, order_num, member_id, order_date, reservation_status) VALUES (105,20240619000105,4,'2023-10-13','PAYED');
INSERT INTO order_ticket (order_ticket_id, adult_count, adult_price, child_count, child_price, visit_date, order_id, ticket_id, reservation_ticket_id) VALUES (105,44,30000,56,20000,'2023-10-14',105,1,105);
INSERT INTO reservation (reservation_id, member_id) VALUES (106,null);
INSERT INTO reservation_ticket (id, reservation_id, ticket_id, reservation_date, visit_date, adult_count, child_count, reservation_status) VALUES (106,106,2,'2023-10-14','2023-10-15',33,67,'PAYED');
INSERT INTO orders (order_id, order_num, member_id, order_date, reservation_status) VALUES (106,20240619000106,2,'2023-10-14','PAYED');
INSERT INTO order_ticket (order_ticket_id, adult_count, adult_price, child_count, child_price, visit_date, order_id, ticket_id, reservation_ticket_id) VALUES (106,33,30000,67,20000,'2023-10-15',106,2,106);
INSERT INTO reservation (reservation_id, member_id) VALUES (107,null);
INSERT INTO reservation_ticket (id, reservation_id, ticket_id, reservation_date, visit_date, adult_count, child_count, reservation_status) VALUES (107,107,1,'2023-10-15','2023-10-16',22,78,'PAYED');
INSERT INTO orders (order_id, order_num, member_id, order_date, reservation_status) VALUES (107,20240619000107,3,'2023-10-15','PAYED');
INSERT INTO order_ticket (order_ticket_id, adult_count, adult_price, child_count, child_price, visit_date, order_id, ticket_id, reservation_ticket_id) VALUES (107,22,30000,78,20000,'2023-10-16',107,1,107);
INSERT INTO reservation (reservation_id, member_id) VALUES (108,null);
INSERT INTO reservation_ticket (id, reservation_id, ticket_id, reservation_date, visit_date, adult_count, child_count, reservation_status) VALUES (108,108,2,'2023-10-16','2023-10-17',11,89,'PAYED');
INSERT INTO orders (order_id, order_num, member_id, order_date, reservation_status) VALUES (108,20240619000108,4,'2023-10-16','PAYED');
INSERT INTO order_ticket (order_ticket_id, adult_count, adult_price, child_count, child_price, visit_date, order_id, ticket_id, reservation_ticket_id) VALUES (108,11,30000,89,20000,'2023-10-17',108,2,108);
INSERT INTO reservation (reservation_id, member_id) VALUES (109,null);
INSERT INTO reservation_ticket (id, reservation_id, ticket_id, reservation_date, visit_date, adult_count, child_count, reservation_status) VALUES (109,109,1,'2023-10-17','2023-10-18',31,69,'PAYED');
INSERT INTO orders (order_id, order_num, member_id, order_date, reservation_status) VALUES (109,20240619000109,2,'2023-10-17','PAYED');
INSERT INTO order_ticket (order_ticket_id, adult_count, adult_price, child_count, child_price, visit_date, order_id, ticket_id, reservation_ticket_id) VALUES (109,31,30000,69,20000,'2023-10-18',109,1,109);
INSERT INTO reservation (reservation_id, member_id) VALUES (110,null);
INSERT INTO reservation_ticket (id, reservation_id, ticket_id, reservation_date, visit_date, adult_count, child_count, reservation_status) VALUES (110,110,2,'2023-10-18','2023-10-19',42,58,'PAYED');
INSERT INTO orders (order_id, order_num, member_id, order_date, reservation_status) VALUES (110,20240619000110,3,'2023-10-18','PAYED');
INSERT INTO order_ticket (order_ticket_id, adult_count, adult_price, child_count, child_price, visit_date, order_id, ticket_id, reservation_ticket_id) VALUES (110,42,30000,58,20000,'2023-10-19',110,2,110);
INSERT INTO reservation (reservation_id, member_id) VALUES (111,null);
INSERT INTO reservation_ticket (id, reservation_id, ticket_id, reservation_date, visit_date, adult_count, child_count, reservation_status) VALUES (111,111,1,'2023-10-19','2023-10-20',78,22,'PAYED');
INSERT INTO orders (order_id, order_num, member_id, order_date, reservation_status) VALUES (111,20240619000111,4,'2023-10-19','PAYED');
INSERT INTO order_ticket (order_ticket_id, adult_count, adult_price, child_count, child_price, visit_date, order_id, ticket_id, reservation_ticket_id) VALUES (111,78,30000,22,20000,'2023-10-20',111,1,111);
INSERT INTO reservation (reservation_id, member_id) VALUES (112,null);
INSERT INTO reservation_ticket (id, reservation_id, ticket_id, reservation_date, visit_date, adult_count, child_count, reservation_status) VALUES (112,112,2,'2023-10-20','2023-10-21',25,75,'PAYED');
INSERT INTO orders (order_id, order_num, member_id, order_date, reservation_status) VALUES (112,20240619000112,2,'2023-10-20','PAYED');
INSERT INTO order_ticket (order_ticket_id, adult_count, adult_price, child_count, child_price, visit_date, order_id, ticket_id, reservation_ticket_id) VALUES (112,25,30000,75,20000,'2023-10-21',112,2,112);
INSERT INTO reservation (reservation_id, member_id) VALUES (113,null);
INSERT INTO reservation_ticket (id, reservation_id, ticket_id, reservation_date, visit_date, adult_count, child_count, reservation_status) VALUES (113,113,1,'2023-10-21','2023-10-22',48,52,'PAYED');
INSERT INTO orders (order_id, order_num, member_id, order_date, reservation_status) VALUES (113,20240619000113,3,'2023-10-21','PAYED');
INSERT INTO order_ticket (order_ticket_id, adult_count, adult_price, child_count, child_price, visit_date, order_id, ticket_id, reservation_ticket_id) VALUES (113,48,30000,52,20000,'2023-10-22',113,1,113);
INSERT INTO reservation (reservation_id, member_id) VALUES (114,null);
INSERT INTO reservation_ticket (id, reservation_id, ticket_id, reservation_date, visit_date, adult_count, child_count, reservation_status) VALUES (114,114,2,'2023-10-22','2023-10-23',31,69,'PAYED');
INSERT INTO orders (order_id, order_num, member_id, order_date, reservation_status) VALUES (114,20240619000114,4,'2023-10-22','PAYED');
INSERT INTO order_ticket (order_ticket_id, adult_count, adult_price, child_count, child_price, visit_date, order_id, ticket_id, reservation_ticket_id) VALUES (114,31,30000,69,20000,'2023-10-23',114,2,114);
INSERT INTO reservation (reservation_id, member_id) VALUES (115,null);
INSERT INTO reservation_ticket (id, reservation_id, ticket_id, reservation_date, visit_date, adult_count, child_count, reservation_status) VALUES (115,115,1,'2023-10-23','2023-10-24',44,56,'PAYED');
INSERT INTO orders (order_id, order_num, member_id, order_date, reservation_status) VALUES (115,20240619000115,2,'2023-10-23','PAYED');
INSERT INTO order_ticket (order_ticket_id, adult_count, adult_price, child_count, child_price, visit_date, order_id, ticket_id, reservation_ticket_id) VALUES (115,44,30000,56,20000,'2023-10-24',115,1,115);
INSERT INTO reservation (reservation_id, member_id) VALUES (116,null);
INSERT INTO reservation_ticket (id, reservation_id, ticket_id, reservation_date, visit_date, adult_count, child_count, reservation_status) VALUES (116,116,2,'2023-10-24','2023-10-25',33,67,'PAYED');
INSERT INTO orders (order_id, order_num, member_id, order_date, reservation_status) VALUES (116,20240619000116,3,'2023-10-24','PAYED');
INSERT INTO order_ticket (order_ticket_id, adult_count, adult_price, child_count, child_price, visit_date, order_id, ticket_id, reservation_ticket_id) VALUES (116,33,30000,67,20000,'2023-10-25',116,2,116);
INSERT INTO reservation (reservation_id, member_id) VALUES (117,null);
INSERT INTO reservation_ticket (id, reservation_id, ticket_id, reservation_date, visit_date, adult_count, child_count, reservation_status) VALUES (117,117,1,'2023-10-25','2023-10-26',75,25,'PAYED');
INSERT INTO orders (order_id, order_num, member_id, order_date, reservation_status) VALUES (117,20240619000117,4,'2023-10-25','PAYED');
INSERT INTO order_ticket (order_ticket_id, adult_count, adult_price, child_count, child_price, visit_date, order_id, ticket_id, reservation_ticket_id) VALUES (117,75,30000,25,20000,'2023-10-26',117,1,117);
INSERT INTO reservation (reservation_id, member_id) VALUES (118,null);
INSERT INTO reservation_ticket (id, reservation_id, ticket_id, reservation_date, visit_date, adult_count, child_count, reservation_status) VALUES (118,118,2,'2023-10-26','2023-10-27',45,55,'PAYED');
INSERT INTO orders (order_id, order_num, member_id, order_date, reservation_status) VALUES (118,20240619000118,2,'2023-10-26','PAYED');
INSERT INTO order_ticket (order_ticket_id, adult_count, adult_price, child_count, child_price, visit_date, order_id, ticket_id, reservation_ticket_id) VALUES (118,45,30000,55,20000,'2023-10-27',118,2,118);
INSERT INTO reservation (reservation_id, member_id) VALUES (119,null);
INSERT INTO reservation_ticket (id, reservation_id, ticket_id, reservation_date, visit_date, adult_count, child_count, reservation_status) VALUES (119,119,1,'2023-10-27','2023-10-28',52,48,'PAYED');
INSERT INTO orders (order_id, order_num, member_id, order_date, reservation_status) VALUES (119,20240619000119,3,'2023-10-27','PAYED');
INSERT INTO order_ticket (order_ticket_id, adult_count, adult_price, child_count, child_price, visit_date, order_id, ticket_id, reservation_ticket_id) VALUES (119,52,30000,48,20000,'2023-10-28',119,1,119);
INSERT INTO reservation (reservation_id, member_id) VALUES (120,null);
INSERT INTO reservation_ticket (id, reservation_id, ticket_id, reservation_date, visit_date, adult_count, child_count, reservation_status) VALUES (120,120,2,'2023-10-28','2023-10-29',24,76,'PAYED');
INSERT INTO orders (order_id, order_num, member_id, order_date, reservation_status) VALUES (120,20240619000120,4,'2023-10-28','PAYED');
INSERT INTO order_ticket (order_ticket_id, adult_count, adult_price, child_count, child_price, visit_date, order_id, ticket_id, reservation_ticket_id) VALUES (120,24,30000,76,20000,'2023-10-29',120,2,120);
INSERT INTO reservation (reservation_id, member_id) VALUES (121,null);
INSERT INTO reservation_ticket (id, reservation_id, ticket_id, reservation_date, visit_date, adult_count, child_count, reservation_status) VALUES (121,121,1,'2023-10-29','2023-10-30',94,6,'PAYED');
INSERT INTO orders (order_id, order_num, member_id, order_date, reservation_status) VALUES (121,20240619000121,2,'2023-10-29','PAYED');
INSERT INTO order_ticket (order_ticket_id, adult_count, adult_price, child_count, child_price, visit_date, order_id, ticket_id, reservation_ticket_id) VALUES (121,94,30000,6,20000,'2023-10-30',121,1,121);
INSERT INTO reservation (reservation_id, member_id) VALUES (122,null);
INSERT INTO reservation_ticket (id, reservation_id, ticket_id, reservation_date, visit_date, adult_count, child_count, reservation_status) VALUES (122,122,2,'2023-10-30','2023-10-31',56,44,'PAYED');
INSERT INTO orders (order_id, order_num, member_id, order_date, reservation_status) VALUES (122,20240619000122,3,'2023-10-30','PAYED');
INSERT INTO order_ticket (order_ticket_id, adult_count, adult_price, child_count, child_price, visit_date, order_id, ticket_id, reservation_ticket_id) VALUES (122,56,30000,44,20000,'2023-10-31',122,2,122);
INSERT INTO reservation (reservation_id, member_id) VALUES (123,null);
INSERT INTO reservation_ticket (id, reservation_id, ticket_id, reservation_date, visit_date, adult_count, child_count, reservation_status) VALUES (123,123,1,'2023-10-31','2023-11-01',67,33,'PAYED');
INSERT INTO orders (order_id, order_num, member_id, order_date, reservation_status) VALUES (123,20240619000123,4,'2023-10-31','PAYED');
INSERT INTO order_ticket (order_ticket_id, adult_count, adult_price, child_count, child_price, visit_date, order_id, ticket_id, reservation_ticket_id) VALUES (123,67,30000,33,20000,'2023-11-01',123,1,123);
INSERT INTO reservation (reservation_id, member_id) VALUES (124,null);
INSERT INTO reservation_ticket (id, reservation_id, ticket_id, reservation_date, visit_date, adult_count, child_count, reservation_status) VALUES (124,124,2,'2023-11-01','2023-11-02',25,75,'PAYED');
INSERT INTO orders (order_id, order_num, member_id, order_date, reservation_status) VALUES (124,20240619000124,2,'2023-11-01','PAYED');
INSERT INTO order_ticket (order_ticket_id, adult_count, adult_price, child_count, child_price, visit_date, order_id, ticket_id, reservation_ticket_id) VALUES (124,25,30000,75,20000,'2023-11-02',124,2,124);
INSERT INTO reservation (reservation_id, member_id) VALUES (125,null);
INSERT INTO reservation_ticket (id, reservation_id, ticket_id, reservation_date, visit_date, adult_count, child_count, reservation_status) VALUES (125,125,1,'2023-11-02','2023-11-03',55,45,'PAYED');
INSERT INTO orders (order_id, order_num, member_id, order_date, reservation_status) VALUES (125,20240619000125,3,'2023-11-02','PAYED');
INSERT INTO order_ticket (order_ticket_id, adult_count, adult_price, child_count, child_price, visit_date, order_id, ticket_id, reservation_ticket_id) VALUES (125,55,30000,45,20000,'2023-11-03',125,1,125);
INSERT INTO reservation (reservation_id, member_id) VALUES (126,null);
INSERT INTO reservation_ticket (id, reservation_id, ticket_id, reservation_date, visit_date, adult_count, child_count, reservation_status) VALUES (126,126,2,'2023-11-03','2023-11-04',28,72,'PAYED');
INSERT INTO orders (order_id, order_num, member_id, order_date, reservation_status) VALUES (126,20240619000126,4,'2023-11-03','PAYED');
INSERT INTO order_ticket (order_ticket_id, adult_count, adult_price, child_count, child_price, visit_date, order_id, ticket_id, reservation_ticket_id) VALUES (126,28,30000,72,20000,'2023-11-04',126,2,126);
INSERT INTO reservation (reservation_id, member_id) VALUES (127,null);
INSERT INTO reservation_ticket (id, reservation_id, ticket_id, reservation_date, visit_date, adult_count, child_count, reservation_status) VALUES (127,127,1,'2023-11-04','2023-11-05',46,54,'PAYED');
INSERT INTO orders (order_id, order_num, member_id, order_date, reservation_status) VALUES (127,20240619000127,2,'2023-11-04','PAYED');
INSERT INTO order_ticket (order_ticket_id, adult_count, adult_price, child_count, child_price, visit_date, order_id, ticket_id, reservation_ticket_id) VALUES (127,46,30000,54,20000,'2023-11-05',127,1,127);
INSERT INTO reservation (reservation_id, member_id) VALUES (128,null);
INSERT INTO reservation_ticket (id, reservation_id, ticket_id, reservation_date, visit_date, adult_count, child_count, reservation_status) VALUES (128,128,2,'2023-11-05','2023-11-06',45,55,'PAYED');
INSERT INTO orders (order_id, order_num, member_id, order_date, reservation_status) VALUES (128,20240619000128,3,'2023-11-05','PAYED');
INSERT INTO order_ticket (order_ticket_id, adult_count, adult_price, child_count, child_price, visit_date, order_id, ticket_id, reservation_ticket_id) VALUES (128,45,30000,55,20000,'2023-11-06',128,2,128);
INSERT INTO reservation (reservation_id, member_id) VALUES (129,null);
INSERT INTO reservation_ticket (id, reservation_id, ticket_id, reservation_date, visit_date, adult_count, child_count, reservation_status) VALUES (129,129,1,'2023-11-06','2023-11-07',10,90,'PAYED');
INSERT INTO orders (order_id, order_num, member_id, order_date, reservation_status) VALUES (129,20240619000129,4,'2023-11-06','PAYED');
INSERT INTO order_ticket (order_ticket_id, adult_count, adult_price, child_count, child_price, visit_date, order_id, ticket_id, reservation_ticket_id) VALUES (129,10,30000,90,20000,'2023-11-07',129,1,129);
INSERT INTO reservation (reservation_id, member_id) VALUES (130,null);
INSERT INTO reservation_ticket (id, reservation_id, ticket_id, reservation_date, visit_date, adult_count, child_count, reservation_status) VALUES (130,130,2,'2023-11-07','2023-11-08',30,70,'PAYED');
INSERT INTO orders (order_id, order_num, member_id, order_date, reservation_status) VALUES (130,20240619000130,2,'2023-11-07','PAYED');
INSERT INTO order_ticket (order_ticket_id, adult_count, adult_price, child_count, child_price, visit_date, order_id, ticket_id, reservation_ticket_id) VALUES (130,30,30000,70,20000,'2023-11-08',130,2,130);
INSERT INTO reservation (reservation_id, member_id) VALUES (131,null);
INSERT INTO reservation_ticket (id, reservation_id, ticket_id, reservation_date, visit_date, adult_count, child_count, reservation_status) VALUES (131,131,1,'2023-11-08','2023-11-09',20,80,'PAYED');
INSERT INTO orders (order_id, order_num, member_id, order_date, reservation_status) VALUES (131,20240619000131,3,'2023-11-08','PAYED');
INSERT INTO order_ticket (order_ticket_id, adult_count, adult_price, child_count, child_price, visit_date, order_id, ticket_id, reservation_ticket_id) VALUES (131,20,30000,80,20000,'2023-11-09',131,1,131);
INSERT INTO reservation (reservation_id, member_id) VALUES (132,null);
INSERT INTO reservation_ticket (id, reservation_id, ticket_id, reservation_date, visit_date, adult_count, child_count, reservation_status) VALUES (132,132,2,'2023-11-09','2023-11-10',70,30,'PAYED');
INSERT INTO orders (order_id, order_num, member_id, order_date, reservation_status) VALUES (132,20240619000132,4,'2023-11-09','PAYED');
INSERT INTO order_ticket (order_ticket_id, adult_count, adult_price, child_count, child_price, visit_date, order_id, ticket_id, reservation_ticket_id) VALUES (132,70,30000,30,20000,'2023-11-10',132,2,132);
INSERT INTO reservation (reservation_id, member_id) VALUES (133,null);
INSERT INTO reservation_ticket (id, reservation_id, ticket_id, reservation_date, visit_date, adult_count, child_count, reservation_status) VALUES (133,133,1,'2023-11-10','2023-11-11',30,70,'PAYED');
INSERT INTO orders (order_id, order_num, member_id, order_date, reservation_status) VALUES (133,20240619000133,2,'2023-11-10','PAYED');
INSERT INTO order_ticket (order_ticket_id, adult_count, adult_price, child_count, child_price, visit_date, order_id, ticket_id, reservation_ticket_id) VALUES (133,30,30000,70,20000,'2023-11-11',133,1,133);
INSERT INTO reservation (reservation_id, member_id) VALUES (134,null);
INSERT INTO reservation_ticket (id, reservation_id, ticket_id, reservation_date, visit_date, adult_count, child_count, reservation_status) VALUES (134,134,2,'2023-11-11','2023-11-12',54,46,'PAYED');
INSERT INTO orders (order_id, order_num, member_id, order_date, reservation_status) VALUES (134,20240619000134,3,'2023-11-11','PAYED');
INSERT INTO order_ticket (order_ticket_id, adult_count, adult_price, child_count, child_price, visit_date, order_id, ticket_id, reservation_ticket_id) VALUES (134,54,30000,46,20000,'2023-11-12',134,2,134);
INSERT INTO reservation (reservation_id, member_id) VALUES (135,null);
INSERT INTO reservation_ticket (id, reservation_id, ticket_id, reservation_date, visit_date, adult_count, child_count, reservation_status) VALUES (135,135,1,'2023-11-12','2023-11-13',45,55,'PAYED');
INSERT INTO orders (order_id, order_num, member_id, order_date, reservation_status) VALUES (135,20240619000135,4,'2023-11-12','PAYED');
INSERT INTO order_ticket (order_ticket_id, adult_count, adult_price, child_count, child_price, visit_date, order_id, ticket_id, reservation_ticket_id) VALUES (135,45,30000,55,20000,'2023-11-13',135,1,135);
INSERT INTO reservation (reservation_id, member_id) VALUES (136,null);
INSERT INTO reservation_ticket (id, reservation_id, ticket_id, reservation_date, visit_date, adult_count, child_count, reservation_status) VALUES (136,136,2,'2023-11-13','2023-11-14',11,89,'PAYED');
INSERT INTO orders (order_id, order_num, member_id, order_date, reservation_status) VALUES (136,20240619000136,2,'2023-11-13','PAYED');
INSERT INTO order_ticket (order_ticket_id, adult_count, adult_price, child_count, child_price, visit_date, order_id, ticket_id, reservation_ticket_id) VALUES (136,11,30000,89,20000,'2023-11-14',136,2,136);
INSERT INTO reservation (reservation_id, member_id) VALUES (137,null);
INSERT INTO reservation_ticket (id, reservation_id, ticket_id, reservation_date, visit_date, adult_count, child_count, reservation_status) VALUES (137,137,1,'2023-11-14','2023-11-15',31,69,'PAYED');
INSERT INTO orders (order_id, order_num, member_id, order_date, reservation_status) VALUES (137,20240619000137,3,'2023-11-14','PAYED');
INSERT INTO order_ticket (order_ticket_id, adult_count, adult_price, child_count, child_price, visit_date, order_id, ticket_id, reservation_ticket_id) VALUES (137,31,30000,69,20000,'2023-11-15',137,1,137);
INSERT INTO reservation (reservation_id, member_id) VALUES (138,null);
INSERT INTO reservation_ticket (id, reservation_id, ticket_id, reservation_date, visit_date, adult_count, child_count, reservation_status) VALUES (138,138,2,'2023-11-15','2023-11-16',42,58,'PAYED');
INSERT INTO orders (order_id, order_num, member_id, order_date, reservation_status) VALUES (138,20240619000138,4,'2023-11-15','PAYED');
INSERT INTO order_ticket (order_ticket_id, adult_count, adult_price, child_count, child_price, visit_date, order_id, ticket_id, reservation_ticket_id) VALUES (138,42,30000,58,20000,'2023-11-16',138,2,138);
INSERT INTO reservation (reservation_id, member_id) VALUES (139,null);
INSERT INTO reservation_ticket (id, reservation_id, ticket_id, reservation_date, visit_date, adult_count, child_count, reservation_status) VALUES (139,139,1,'2023-11-16','2023-11-17',78,22,'PAYED');
INSERT INTO orders (order_id, order_num, member_id, order_date, reservation_status) VALUES (139,20240619000139,2,'2023-11-16','PAYED');
INSERT INTO order_ticket (order_ticket_id, adult_count, adult_price, child_count, child_price, visit_date, order_id, ticket_id, reservation_ticket_id) VALUES (139,78,30000,22,20000,'2023-11-17',139,1,139);
INSERT INTO reservation (reservation_id, member_id) VALUES (140,null);
INSERT INTO reservation_ticket (id, reservation_id, ticket_id, reservation_date, visit_date, adult_count, child_count, reservation_status) VALUES (140,140,2,'2023-11-17','2023-11-18',25,75,'PAYED');
INSERT INTO orders (order_id, order_num, member_id, order_date, reservation_status) VALUES (140,20240619000140,3,'2023-11-17','PAYED');
INSERT INTO order_ticket (order_ticket_id, adult_count, adult_price, child_count, child_price, visit_date, order_id, ticket_id, reservation_ticket_id) VALUES (140,25,30000,75,20000,'2023-11-18',140,2,140);
INSERT INTO reservation (reservation_id, member_id) VALUES (141,null);
INSERT INTO reservation_ticket (id, reservation_id, ticket_id, reservation_date, visit_date, adult_count, child_count, reservation_status) VALUES (141,141,1,'2023-11-18','2023-11-19',48,52,'PAYED');
INSERT INTO orders (order_id, order_num, member_id, order_date, reservation_status) VALUES (141,20240619000141,4,'2023-11-18','PAYED');
INSERT INTO order_ticket (order_ticket_id, adult_count, adult_price, child_count, child_price, visit_date, order_id, ticket_id, reservation_ticket_id) VALUES (141,48,30000,52,20000,'2023-11-19',141,1,141);
INSERT INTO reservation (reservation_id, member_id) VALUES (142,null);
INSERT INTO reservation_ticket (id, reservation_id, ticket_id, reservation_date, visit_date, adult_count, child_count, reservation_status) VALUES (142,142,2,'2023-11-19','2023-11-20',31,69,'PAYED');
INSERT INTO orders (order_id, order_num, member_id, order_date, reservation_status) VALUES (142,20240619000142,2,'2023-11-19','PAYED');
INSERT INTO order_ticket (order_ticket_id, adult_count, adult_price, child_count, child_price, visit_date, order_id, ticket_id, reservation_ticket_id) VALUES (142,31,30000,69,20000,'2023-11-20',142,2,142);
INSERT INTO reservation (reservation_id, member_id) VALUES (143,null);
INSERT INTO reservation_ticket (id, reservation_id, ticket_id, reservation_date, visit_date, adult_count, child_count, reservation_status) VALUES (143,143,1,'2023-11-20','2023-11-21',11,89,'PAYED');
INSERT INTO orders (order_id, order_num, member_id, order_date, reservation_status) VALUES (143,20240619000143,3,'2023-11-20','PAYED');
INSERT INTO order_ticket (order_ticket_id, adult_count, adult_price, child_count, child_price, visit_date, order_id, ticket_id, reservation_ticket_id) VALUES (143,11,30000,89,20000,'2023-11-21',143,1,143);
INSERT INTO reservation (reservation_id, member_id) VALUES (144,null);
INSERT INTO reservation_ticket (id, reservation_id, ticket_id, reservation_date, visit_date, adult_count, child_count, reservation_status) VALUES (144,144,2,'2023-11-21','2023-11-22',31,69,'PAYED');
INSERT INTO orders (order_id, order_num, member_id, order_date, reservation_status) VALUES (144,20240619000144,4,'2023-11-21','PAYED');
INSERT INTO order_ticket (order_ticket_id, adult_count, adult_price, child_count, child_price, visit_date, order_id, ticket_id, reservation_ticket_id) VALUES (144,31,30000,69,20000,'2023-11-22',144,2,144);
INSERT INTO reservation (reservation_id, member_id) VALUES (145,null);
INSERT INTO reservation_ticket (id, reservation_id, ticket_id, reservation_date, visit_date, adult_count, child_count, reservation_status) VALUES (145,145,1,'2023-11-22','2023-11-23',42,58,'PAYED');
INSERT INTO orders (order_id, order_num, member_id, order_date, reservation_status) VALUES (145,20240619000145,2,'2023-11-22','PAYED');
INSERT INTO order_ticket (order_ticket_id, adult_count, adult_price, child_count, child_price, visit_date, order_id, ticket_id, reservation_ticket_id) VALUES (145,42,30000,58,20000,'2023-11-23',145,1,145);
INSERT INTO reservation (reservation_id, member_id) VALUES (146,null);
INSERT INTO reservation_ticket (id, reservation_id, ticket_id, reservation_date, visit_date, adult_count, child_count, reservation_status) VALUES (146,146,2,'2023-11-23','2023-11-24',78,22,'PAYED');
INSERT INTO orders (order_id, order_num, member_id, order_date, reservation_status) VALUES (146,20240619000146,3,'2023-11-23','PAYED');
INSERT INTO order_ticket (order_ticket_id, adult_count, adult_price, child_count, child_price, visit_date, order_id, ticket_id, reservation_ticket_id) VALUES (146,78,30000,22,20000,'2023-11-24',146,2,146);
INSERT INTO reservation (reservation_id, member_id) VALUES (147,null);
INSERT INTO reservation_ticket (id, reservation_id, ticket_id, reservation_date, visit_date, adult_count, child_count, reservation_status) VALUES (147,147,1,'2023-11-24','2023-11-25',25,75,'PAYED');
INSERT INTO orders (order_id, order_num, member_id, order_date, reservation_status) VALUES (147,20240619000147,4,'2023-11-24','PAYED');
INSERT INTO order_ticket (order_ticket_id, adult_count, adult_price, child_count, child_price, visit_date, order_id, ticket_id, reservation_ticket_id) VALUES (147,25,30000,75,20000,'2023-11-25',147,1,147);
INSERT INTO reservation (reservation_id, member_id) VALUES (148,null);
INSERT INTO reservation_ticket (id, reservation_id, ticket_id, reservation_date, visit_date, adult_count, child_count, reservation_status) VALUES (148,148,2,'2023-11-25','2023-11-26',48,52,'PAYED');
INSERT INTO orders (order_id, order_num, member_id, order_date, reservation_status) VALUES (148,20240619000148,2,'2023-11-25','PAYED');
INSERT INTO order_ticket (order_ticket_id, adult_count, adult_price, child_count, child_price, visit_date, order_id, ticket_id, reservation_ticket_id) VALUES (148,48,30000,52,20000,'2023-11-26',148,2,148);
INSERT INTO reservation (reservation_id, member_id) VALUES (149,null);
INSERT INTO reservation_ticket (id, reservation_id, ticket_id, reservation_date, visit_date, adult_count, child_count, reservation_status) VALUES (149,149,1,'2023-11-26','2023-11-27',31,69,'PAYED');
INSERT INTO orders (order_id, order_num, member_id, order_date, reservation_status) VALUES (149,20240619000149,3,'2023-11-26','PAYED');
INSERT INTO order_ticket (order_ticket_id, adult_count, adult_price, child_count, child_price, visit_date, order_id, ticket_id, reservation_ticket_id) VALUES (149,31,30000,69,20000,'2023-11-27',149,1,149);
INSERT INTO reservation (reservation_id, member_id) VALUES (150,null);
INSERT INTO reservation_ticket (id, reservation_id, ticket_id, reservation_date, visit_date, adult_count, child_count, reservation_status) VALUES (150,150,2,'2023-11-27','2023-11-28',44,56,'PAYED');
INSERT INTO orders (order_id, order_num, member_id, order_date, reservation_status) VALUES (150,20240619000150,4,'2023-11-27','PAYED');
INSERT INTO order_ticket (order_ticket_id, adult_count, adult_price, child_count, child_price, visit_date, order_id, ticket_id, reservation_ticket_id) VALUES (150,44,30000,56,20000,'2023-11-28',150,2,150);
INSERT INTO reservation (reservation_id, member_id) VALUES (151,null);
INSERT INTO reservation_ticket (id, reservation_id, ticket_id, reservation_date, visit_date, adult_count, child_count, reservation_status) VALUES (151,151,1,'2023-11-28','2023-11-29',52,48,'PAYED');
INSERT INTO orders (order_id, order_num, member_id, order_date, reservation_status) VALUES (151,20240619000151,2,'2023-11-28','PAYED');
INSERT INTO order_ticket (order_ticket_id, adult_count, adult_price, child_count, child_price, visit_date, order_id, ticket_id, reservation_ticket_id) VALUES (151,52,30000,48,20000,'2023-11-29',151,1,151);
INSERT INTO reservation (reservation_id, member_id) VALUES (152,null);
INSERT INTO reservation_ticket (id, reservation_id, ticket_id, reservation_date, visit_date, adult_count, child_count, reservation_status) VALUES (152,152,2,'2023-11-29','2023-11-30',55,45,'PAYED');
INSERT INTO orders (order_id, order_num, member_id, order_date, reservation_status) VALUES (152,20240619000152,3,'2023-11-29','PAYED');
INSERT INTO order_ticket (order_ticket_id, adult_count, adult_price, child_count, child_price, visit_date, order_id, ticket_id, reservation_ticket_id) VALUES (152,55,30000,45,20000,'2023-11-30',152,2,152);
INSERT INTO reservation (reservation_id, member_id) VALUES (153,null);
INSERT INTO reservation_ticket (id, reservation_id, ticket_id, reservation_date, visit_date, adult_count, child_count, reservation_status) VALUES (153,153,1,'2023-11-30','2023-12-01',45,55,'PAYED');
INSERT INTO orders (order_id, order_num, member_id, order_date, reservation_status) VALUES (153,20240619000153,4,'2023-11-30','PAYED');
INSERT INTO order_ticket (order_ticket_id, adult_count, adult_price, child_count, child_price, visit_date, order_id, ticket_id, reservation_ticket_id) VALUES (153,45,30000,55,20000,'2023-12-01',153,1,153);
INSERT INTO reservation (reservation_id, member_id) VALUES (154,null);
INSERT INTO reservation_ticket (id, reservation_id, ticket_id, reservation_date, visit_date, adult_count, child_count, reservation_status) VALUES (154,154,2,'2023-12-01','2023-12-02',52,48,'PAYED');
INSERT INTO orders (order_id, order_num, member_id, order_date, reservation_status) VALUES (154,20240619000154,2,'2023-12-01','PAYED');
INSERT INTO order_ticket (order_ticket_id, adult_count, adult_price, child_count, child_price, visit_date, order_id, ticket_id, reservation_ticket_id) VALUES (154,52,30000,48,20000,'2023-12-02',154,2,154);
INSERT INTO reservation (reservation_id, member_id) VALUES (155,null);
INSERT INTO reservation_ticket (id, reservation_id, ticket_id, reservation_date, visit_date, adult_count, child_count, reservation_status) VALUES (155,155,1,'2023-12-02','2023-12-03',10,90,'PAYED');
INSERT INTO orders (order_id, order_num, member_id, order_date, reservation_status) VALUES (155,20240619000155,3,'2023-12-02','PAYED');
INSERT INTO order_ticket (order_ticket_id, adult_count, adult_price, child_count, child_price, visit_date, order_id, ticket_id, reservation_ticket_id) VALUES (155,10,30000,90,20000,'2023-12-03',155,1,155);
INSERT INTO reservation (reservation_id, member_id) VALUES (156,null);
INSERT INTO reservation_ticket (id, reservation_id, ticket_id, reservation_date, visit_date, adult_count, child_count, reservation_status) VALUES (156,156,2,'2023-12-03','2023-12-04',30,70,'PAYED');
INSERT INTO orders (order_id, order_num, member_id, order_date, reservation_status) VALUES (156,20240619000156,4,'2023-12-03','PAYED');
INSERT INTO order_ticket (order_ticket_id, adult_count, adult_price, child_count, child_price, visit_date, order_id, ticket_id, reservation_ticket_id) VALUES (156,30,30000,70,20000,'2023-12-04',156,2,156);
INSERT INTO reservation (reservation_id, member_id) VALUES (157,null);
INSERT INTO reservation_ticket (id, reservation_id, ticket_id, reservation_date, visit_date, adult_count, child_count, reservation_status) VALUES (157,157,1,'2023-12-04','2023-12-05',54,46,'PAYED');
INSERT INTO orders (order_id, order_num, member_id, order_date, reservation_status) VALUES (157,20240619000157,2,'2023-12-04','PAYED');
INSERT INTO order_ticket (order_ticket_id, adult_count, adult_price, child_count, child_price, visit_date, order_id, ticket_id, reservation_ticket_id) VALUES (157,54,30000,46,20000,'2023-12-05',157,1,157);
INSERT INTO reservation (reservation_id, member_id) VALUES (158,null);
INSERT INTO reservation_ticket (id, reservation_id, ticket_id, reservation_date, visit_date, adult_count, child_count, reservation_status) VALUES (158,158,2,'2023-12-05','2023-12-06',30,70,'PAYED');
INSERT INTO orders (order_id, order_num, member_id, order_date, reservation_status) VALUES (158,20240619000158,3,'2023-12-05','PAYED');
INSERT INTO order_ticket (order_ticket_id, adult_count, adult_price, child_count, child_price, visit_date, order_id, ticket_id, reservation_ticket_id) VALUES (158,30,30000,70,20000,'2023-12-06',158,2,158);
INSERT INTO reservation (reservation_id, member_id) VALUES (159,null);
INSERT INTO reservation_ticket (id, reservation_id, ticket_id, reservation_date, visit_date, adult_count, child_count, reservation_status) VALUES (159,159,1,'2023-12-06','2023-12-07',70,30,'PAYED');
INSERT INTO orders (order_id, order_num, member_id, order_date, reservation_status) VALUES (159,20240619000159,4,'2023-12-06','PAYED');
INSERT INTO order_ticket (order_ticket_id, adult_count, adult_price, child_count, child_price, visit_date, order_id, ticket_id, reservation_ticket_id) VALUES (159,70,30000,30,20000,'2023-12-07',159,1,159);
INSERT INTO reservation (reservation_id, member_id) VALUES (160,null);
INSERT INTO reservation_ticket (id, reservation_id, ticket_id, reservation_date, visit_date, adult_count, child_count, reservation_status) VALUES (160,160,2,'2023-12-07','2023-12-08',20,80,'PAYED');
INSERT INTO orders (order_id, order_num, member_id, order_date, reservation_status) VALUES (160,20240619000160,2,'2023-12-07','PAYED');
INSERT INTO order_ticket (order_ticket_id, adult_count, adult_price, child_count, child_price, visit_date, order_id, ticket_id, reservation_ticket_id) VALUES (160,20,30000,80,20000,'2023-12-08',160,2,160);
INSERT INTO reservation (reservation_id, member_id) VALUES (161,null);
INSERT INTO reservation_ticket (id, reservation_id, ticket_id, reservation_date, visit_date, adult_count, child_count, reservation_status) VALUES (161,161,1,'2023-12-08','2023-12-09',30,70,'PAYED');
INSERT INTO orders (order_id, order_num, member_id, order_date, reservation_status) VALUES (161,20240619000161,3,'2023-12-08','PAYED');
INSERT INTO order_ticket (order_ticket_id, adult_count, adult_price, child_count, child_price, visit_date, order_id, ticket_id, reservation_ticket_id) VALUES (161,30,30000,70,20000,'2023-12-09',161,1,161);
INSERT INTO reservation (reservation_id, member_id) VALUES (162,null);
INSERT INTO reservation_ticket (id, reservation_id, ticket_id, reservation_date, visit_date, adult_count, child_count, reservation_status) VALUES (162,162,2,'2023-12-09','2023-12-10',10,90,'PAYED');
INSERT INTO orders (order_id, order_num, member_id, order_date, reservation_status) VALUES (162,20240619000162,4,'2023-12-09','PAYED');
INSERT INTO order_ticket (order_ticket_id, adult_count, adult_price, child_count, child_price, visit_date, order_id, ticket_id, reservation_ticket_id) VALUES (162,10,30000,90,20000,'2023-12-10',162,2,162);
INSERT INTO reservation (reservation_id, member_id) VALUES (163,null);
INSERT INTO reservation_ticket (id, reservation_id, ticket_id, reservation_date, visit_date, adult_count, child_count, reservation_status) VALUES (163,163,1,'2023-12-10','2023-12-11',45,55,'PAYED');
INSERT INTO orders (order_id, order_num, member_id, order_date, reservation_status) VALUES (163,20240619000163,2,'2023-12-10','PAYED');
INSERT INTO order_ticket (order_ticket_id, adult_count, adult_price, child_count, child_price, visit_date, order_id, ticket_id, reservation_ticket_id) VALUES (163,45,30000,55,20000,'2023-12-11',163,1,163);
INSERT INTO reservation (reservation_id, member_id) VALUES (164,null);
INSERT INTO reservation_ticket (id, reservation_id, ticket_id, reservation_date, visit_date, adult_count, child_count, reservation_status) VALUES (164,164,2,'2023-12-11','2023-12-12',46,54,'PAYED');
INSERT INTO orders (order_id, order_num, member_id, order_date, reservation_status) VALUES (164,20240619000164,3,'2023-12-11','PAYED');
INSERT INTO order_ticket (order_ticket_id, adult_count, adult_price, child_count, child_price, visit_date, order_id, ticket_id, reservation_ticket_id) VALUES (164,46,30000,54,20000,'2023-12-12',164,2,164);
INSERT INTO reservation (reservation_id, member_id) VALUES (165,null);
INSERT INTO reservation_ticket (id, reservation_id, ticket_id, reservation_date, visit_date, adult_count, child_count, reservation_status) VALUES (165,165,1,'2023-12-12','2023-12-13',28,72,'PAYED');
INSERT INTO orders (order_id, order_num, member_id, order_date, reservation_status) VALUES (165,20240619000165,4,'2023-12-12','PAYED');
INSERT INTO order_ticket (order_ticket_id, adult_count, adult_price, child_count, child_price, visit_date, order_id, ticket_id, reservation_ticket_id) VALUES (165,28,30000,72,20000,'2023-12-13',165,1,165);
INSERT INTO reservation (reservation_id, member_id) VALUES (166,null);
INSERT INTO reservation_ticket (id, reservation_id, ticket_id, reservation_date, visit_date, adult_count, child_count, reservation_status) VALUES (166,166,2,'2023-12-13','2023-12-14',55,45,'PAYED');
INSERT INTO orders (order_id, order_num, member_id, order_date, reservation_status) VALUES (166,20240619000166,2,'2023-12-13','PAYED');
INSERT INTO order_ticket (order_ticket_id, adult_count, adult_price, child_count, child_price, visit_date, order_id, ticket_id, reservation_ticket_id) VALUES (166,55,30000,45,20000,'2023-12-14',166,2,166);
INSERT INTO reservation (reservation_id, member_id) VALUES (167,null);
INSERT INTO reservation_ticket (id, reservation_id, ticket_id, reservation_date, visit_date, adult_count, child_count, reservation_status) VALUES (167,167,1,'2023-12-14','2023-12-15',25,75,'PAYED');
INSERT INTO orders (order_id, order_num, member_id, order_date, reservation_status) VALUES (167,20240619000167,3,'2023-12-14','PAYED');
INSERT INTO order_ticket (order_ticket_id, adult_count, adult_price, child_count, child_price, visit_date, order_id, ticket_id, reservation_ticket_id) VALUES (167,25,30000,75,20000,'2023-12-15',167,1,167);
INSERT INTO reservation (reservation_id, member_id) VALUES (168,null);
INSERT INTO reservation_ticket (id, reservation_id, ticket_id, reservation_date, visit_date, adult_count, child_count, reservation_status) VALUES (168,168,2,'2023-12-15','2023-12-16',14,86,'PAYED');
INSERT INTO orders (order_id, order_num, member_id, order_date, reservation_status) VALUES (168,20240619000168,4,'2023-12-15','PAYED');
INSERT INTO order_ticket (order_ticket_id, adult_count, adult_price, child_count, child_price, visit_date, order_id, ticket_id, reservation_ticket_id) VALUES (168,14,30000,86,20000,'2023-12-16',168,2,168);
INSERT INTO reservation (reservation_id, member_id) VALUES (169,null);
INSERT INTO reservation_ticket (id, reservation_id, ticket_id, reservation_date, visit_date, adult_count, child_count, reservation_status) VALUES (169,169,1,'2023-12-16','2023-12-17',13,87,'PAYED');
INSERT INTO orders (order_id, order_num, member_id, order_date, reservation_status) VALUES (169,20240619000169,2,'2023-12-16','PAYED');
INSERT INTO order_ticket (order_ticket_id, adult_count, adult_price, child_count, child_price, visit_date, order_id, ticket_id, reservation_ticket_id) VALUES (169,13,30000,87,20000,'2023-12-17',169,1,169);
INSERT INTO reservation (reservation_id, member_id) VALUES (170,null);
INSERT INTO reservation_ticket (id, reservation_id, ticket_id, reservation_date, visit_date, adult_count, child_count, reservation_status) VALUES (170,170,2,'2023-12-17','2023-12-18',21,79,'PAYED');
INSERT INTO orders (order_id, order_num, member_id, order_date, reservation_status) VALUES (170,20240619000170,3,'2023-12-17','PAYED');
INSERT INTO order_ticket (order_ticket_id, adult_count, adult_price, child_count, child_price, visit_date, order_id, ticket_id, reservation_ticket_id) VALUES (170,21,30000,79,20000,'2023-12-18',170,2,170);
INSERT INTO reservation (reservation_id, member_id) VALUES (171,null);
INSERT INTO reservation_ticket (id, reservation_id, ticket_id, reservation_date, visit_date, adult_count, child_count, reservation_status) VALUES (171,171,1,'2023-12-18','2023-12-19',32,68,'PAYED');
INSERT INTO orders (order_id, order_num, member_id, order_date, reservation_status) VALUES (171,20240619000171,4,'2023-12-18','PAYED');
INSERT INTO order_ticket (order_ticket_id, adult_count, adult_price, child_count, child_price, visit_date, order_id, ticket_id, reservation_ticket_id) VALUES (171,32,30000,68,20000,'2023-12-19',171,1,171);
INSERT INTO reservation (reservation_id, member_id) VALUES (172,null);
INSERT INTO reservation_ticket (id, reservation_id, ticket_id, reservation_date, visit_date, adult_count, child_count, reservation_status) VALUES (172,172,2,'2023-12-19','2023-12-20',18,82,'PAYED');
INSERT INTO orders (order_id, order_num, member_id, order_date, reservation_status) VALUES (172,20240619000172,2,'2023-12-19','PAYED');
INSERT INTO order_ticket (order_ticket_id, adult_count, adult_price, child_count, child_price, visit_date, order_id, ticket_id, reservation_ticket_id) VALUES (172,18,30000,82,20000,'2023-12-20',172,2,172);
INSERT INTO reservation (reservation_id, member_id) VALUES (173,null);
INSERT INTO reservation_ticket (id, reservation_id, ticket_id, reservation_date, visit_date, adult_count, child_count, reservation_status) VALUES (173,173,1,'2023-12-20','2023-12-21',60,40,'PAYED');
INSERT INTO orders (order_id, order_num, member_id, order_date, reservation_status) VALUES (173,20240619000173,3,'2023-12-20','PAYED');
INSERT INTO order_ticket (order_ticket_id, adult_count, adult_price, child_count, child_price, visit_date, order_id, ticket_id, reservation_ticket_id) VALUES (173,60,30000,40,20000,'2023-12-21',173,1,173);
INSERT INTO reservation (reservation_id, member_id) VALUES (174,null);
INSERT INTO reservation_ticket (id, reservation_id, ticket_id, reservation_date, visit_date, adult_count, child_count, reservation_status) VALUES (174,174,2,'2023-12-21','2023-12-22',70,30,'PAYED');
INSERT INTO orders (order_id, order_num, member_id, order_date, reservation_status) VALUES (174,20240619000174,4,'2023-12-21','PAYED');
INSERT INTO order_ticket (order_ticket_id, adult_count, adult_price, child_count, child_price, visit_date, order_id, ticket_id, reservation_ticket_id) VALUES (174,70,30000,30,20000,'2023-12-22',174,2,174);
INSERT INTO reservation (reservation_id, member_id) VALUES (175,null);
INSERT INTO reservation_ticket (id, reservation_id, ticket_id, reservation_date, visit_date, adult_count, child_count, reservation_status) VALUES (175,175,1,'2023-12-22','2023-12-23',45,55,'PAYED');
INSERT INTO orders (order_id, order_num, member_id, order_date, reservation_status) VALUES (175,20240619000175,2,'2023-12-22','PAYED');
INSERT INTO order_ticket (order_ticket_id, adult_count, adult_price, child_count, child_price, visit_date, order_id, ticket_id, reservation_ticket_id) VALUES (175,45,30000,55,20000,'2023-12-23',175,1,175);
INSERT INTO reservation (reservation_id, member_id) VALUES (176,null);
INSERT INTO reservation_ticket (id, reservation_id, ticket_id, reservation_date, visit_date, adult_count, child_count, reservation_status) VALUES (176,176,2,'2023-12-23','2023-12-24',48,52,'PAYED');
INSERT INTO orders (order_id, order_num, member_id, order_date, reservation_status) VALUES (176,20240619000176,3,'2023-12-23','PAYED');
INSERT INTO order_ticket (order_ticket_id, adult_count, adult_price, child_count, child_price, visit_date, order_id, ticket_id, reservation_ticket_id) VALUES (176,48,30000,52,20000,'2023-12-24',176,2,176);
INSERT INTO reservation (reservation_id, member_id) VALUES (177,null);
INSERT INTO reservation_ticket (id, reservation_id, ticket_id, reservation_date, visit_date, adult_count, child_count, reservation_status) VALUES (177,177,1,'2023-12-24','2023-12-25',25,75,'PAYED');
INSERT INTO orders (order_id, order_num, member_id, order_date, reservation_status) VALUES (177,20240619000177,4,'2023-12-24','PAYED');
INSERT INTO order_ticket (order_ticket_id, adult_count, adult_price, child_count, child_price, visit_date, order_id, ticket_id, reservation_ticket_id) VALUES (177,25,30000,75,20000,'2023-12-25',177,1,177);
INSERT INTO reservation (reservation_id, member_id) VALUES (178,null);
INSERT INTO reservation_ticket (id, reservation_id, ticket_id, reservation_date, visit_date, adult_count, child_count, reservation_status) VALUES (178,178,2,'2023-12-25','2023-12-26',52,48,'PAYED');
INSERT INTO orders (order_id, order_num, member_id, order_date, reservation_status) VALUES (178,20240619000178,2,'2023-12-25','PAYED');
INSERT INTO order_ticket (order_ticket_id, adult_count, adult_price, child_count, child_price, visit_date, order_id, ticket_id, reservation_ticket_id) VALUES (178,52,30000,48,20000,'2023-12-26',178,2,178);
INSERT INTO reservation (reservation_id, member_id) VALUES (179,null);
INSERT INTO reservation_ticket (id, reservation_id, ticket_id, reservation_date, visit_date, adult_count, child_count, reservation_status) VALUES (179,179,1,'2023-12-26','2023-12-27',45,55,'PAYED');
INSERT INTO orders (order_id, order_num, member_id, order_date, reservation_status) VALUES (179,20240619000179,3,'2023-12-26','PAYED');
INSERT INTO order_ticket (order_ticket_id, adult_count, adult_price, child_count, child_price, visit_date, order_id, ticket_id, reservation_ticket_id) VALUES (179,45,30000,55,20000,'2023-12-27',179,1,179);
INSERT INTO reservation (reservation_id, member_id) VALUES (180,null);
INSERT INTO reservation_ticket (id, reservation_id, ticket_id, reservation_date, visit_date, adult_count, child_count, reservation_status) VALUES (180,180,2,'2023-12-27','2023-12-28',55,45,'PAYED');
INSERT INTO orders (order_id, order_num, member_id, order_date, reservation_status) VALUES (180,20240619000180,4,'2023-12-27','PAYED');
INSERT INTO order_ticket (order_ticket_id, adult_count, adult_price, child_count, child_price, visit_date, order_id, ticket_id, reservation_ticket_id) VALUES (180,55,30000,45,20000,'2023-12-28',180,2,180);
INSERT INTO reservation (reservation_id, member_id) VALUES (181,null);
INSERT INTO reservation_ticket (id, reservation_id, ticket_id, reservation_date, visit_date, adult_count, child_count, reservation_status) VALUES (181,181,1,'2023-12-28','2023-12-29',52,48,'PAYED');
INSERT INTO orders (order_id, order_num, member_id, order_date, reservation_status) VALUES (181,20240619000181,2,'2023-12-28','PAYED');
INSERT INTO order_ticket (order_ticket_id, adult_count, adult_price, child_count, child_price, visit_date, order_id, ticket_id, reservation_ticket_id) VALUES (181,52,30000,48,20000,'2023-12-29',181,1,181);
INSERT INTO reservation (reservation_id, member_id) VALUES (182,null);
INSERT INTO reservation_ticket (id, reservation_id, ticket_id, reservation_date, visit_date, adult_count, child_count, reservation_status) VALUES (182,182,2,'2023-12-29','2023-12-30',18,82,'PAYED');
INSERT INTO orders (order_id, order_num, member_id, order_date, reservation_status) VALUES (182,20240619000182,3,'2023-12-29','PAYED');
INSERT INTO order_ticket (order_ticket_id, adult_count, adult_price, child_count, child_price, visit_date, order_id, ticket_id, reservation_ticket_id) VALUES (182,18,30000,82,20000,'2023-12-30',182,2,182);
INSERT INTO reservation (reservation_id, member_id) VALUES (183,null);
INSERT INTO reservation_ticket (id, reservation_id, ticket_id, reservation_date, visit_date, adult_count, child_count, reservation_status) VALUES (183,183,1,'2023-12-30','2023-12-31',60,40,'PAYED');
INSERT INTO orders (order_id, order_num, member_id, order_date, reservation_status) VALUES (183,20240619000183,4,'2023-12-30','PAYED');
INSERT INTO order_ticket (order_ticket_id, adult_count, adult_price, child_count, child_price, visit_date, order_id, ticket_id, reservation_ticket_id) VALUES (183,60,30000,40,20000,'2023-12-31',183,1,183);
INSERT INTO reservation (reservation_id, member_id) VALUES (184,null);
INSERT INTO reservation_ticket (id, reservation_id, ticket_id, reservation_date, visit_date, adult_count, child_count, reservation_status) VALUES (184,184,2,'2023-12-31','2024-01-01',70,30,'PAYED');
INSERT INTO orders (order_id, order_num, member_id, order_date, reservation_status) VALUES (184,20240619000184,2,'2023-12-31','PAYED');
INSERT INTO order_ticket (order_ticket_id, adult_count, adult_price, child_count, child_price, visit_date, order_id, ticket_id, reservation_ticket_id) VALUES (184,70,30000,30,20000,'2024-01-01',184,2,184);
INSERT INTO reservation (reservation_id, member_id) VALUES (185,null);
INSERT INTO reservation_ticket (id, reservation_id, ticket_id, reservation_date, visit_date, adult_count, child_count, reservation_status) VALUES (185,185,1,'2024-01-01','2024-01-02',45,55,'PAYED');
INSERT INTO orders (order_id, order_num, member_id, order_date, reservation_status) VALUES (185,20240619000185,3,'2024-01-01','PAYED');
INSERT INTO order_ticket (order_ticket_id, adult_count, adult_price, child_count, child_price, visit_date, order_id, ticket_id, reservation_ticket_id) VALUES (185,45,30000,55,20000,'2024-01-02',185,1,185);
INSERT INTO reservation (reservation_id, member_id) VALUES (186,null);
INSERT INTO reservation_ticket (id, reservation_id, ticket_id, reservation_date, visit_date, adult_count, child_count, reservation_status) VALUES (186,186,2,'2024-01-02','2024-01-03',54,46,'PAYED');
INSERT INTO orders (order_id, order_num, member_id, order_date, reservation_status) VALUES (186,20240619000186,4,'2024-01-02','PAYED');
INSERT INTO order_ticket (order_ticket_id, adult_count, adult_price, child_count, child_price, visit_date, order_id, ticket_id, reservation_ticket_id) VALUES (186,54,30000,46,20000,'2024-01-03',186,2,186);
INSERT INTO reservation (reservation_id, member_id) VALUES (187,null);
INSERT INTO reservation_ticket (id, reservation_id, ticket_id, reservation_date, visit_date, adult_count, child_count, reservation_status) VALUES (187,187,1,'2024-01-03','2024-01-04',30,70,'PAYED');
INSERT INTO orders (order_id, order_num, member_id, order_date, reservation_status) VALUES (187,20240619000187,2,'2024-01-03','PAYED');
INSERT INTO order_ticket (order_ticket_id, adult_count, adult_price, child_count, child_price, visit_date, order_id, ticket_id, reservation_ticket_id) VALUES (187,30,30000,70,20000,'2024-01-04',187,1,187);
INSERT INTO reservation (reservation_id, member_id) VALUES (188,null);
INSERT INTO reservation_ticket (id, reservation_id, ticket_id, reservation_date, visit_date, adult_count, child_count, reservation_status) VALUES (188,188,2,'2024-01-04','2024-01-05',70,30,'PAYED');
INSERT INTO orders (order_id, order_num, member_id, order_date, reservation_status) VALUES (188,20240619000188,3,'2024-01-04','PAYED');
INSERT INTO order_ticket (order_ticket_id, adult_count, adult_price, child_count, child_price, visit_date, order_id, ticket_id, reservation_ticket_id) VALUES (188,70,30000,30,20000,'2024-01-05',188,2,188);
INSERT INTO reservation (reservation_id, member_id) VALUES (189,null);
INSERT INTO reservation_ticket (id, reservation_id, ticket_id, reservation_date, visit_date, adult_count, child_count, reservation_status) VALUES (189,189,1,'2024-01-05','2024-01-06',20,80,'PAYED');
INSERT INTO orders (order_id, order_num, member_id, order_date, reservation_status) VALUES (189,20240619000189,4,'2024-01-05','PAYED');
INSERT INTO order_ticket (order_ticket_id, adult_count, adult_price, child_count, child_price, visit_date, order_id, ticket_id, reservation_ticket_id) VALUES (189,20,30000,80,20000,'2024-01-06',189,1,189);
INSERT INTO reservation (reservation_id, member_id) VALUES (190,null);
INSERT INTO reservation_ticket (id, reservation_id, ticket_id, reservation_date, visit_date, adult_count, child_count, reservation_status) VALUES (190,190,2,'2024-01-06','2024-01-07',30,70,'PAYED');
INSERT INTO orders (order_id, order_num, member_id, order_date, reservation_status) VALUES (190,20240619000190,2,'2024-01-06','PAYED');
INSERT INTO order_ticket (order_ticket_id, adult_count, adult_price, child_count, child_price, visit_date, order_id, ticket_id, reservation_ticket_id) VALUES (190,30,30000,70,20000,'2024-01-07',190,2,190);
INSERT INTO reservation (reservation_id, member_id) VALUES (191,null);
INSERT INTO reservation_ticket (id, reservation_id, ticket_id, reservation_date, visit_date, adult_count, child_count, reservation_status) VALUES (191,191,1,'2024-01-07','2024-01-08',10,90,'PAYED');
INSERT INTO orders (order_id, order_num, member_id, order_date, reservation_status) VALUES (191,20240619000191,3,'2024-01-07','PAYED');
INSERT INTO order_ticket (order_ticket_id, adult_count, adult_price, child_count, child_price, visit_date, order_id, ticket_id, reservation_ticket_id) VALUES (191,10,30000,90,20000,'2024-01-08',191,1,191);
INSERT INTO reservation (reservation_id, member_id) VALUES (192,null);
INSERT INTO reservation_ticket (id, reservation_id, ticket_id, reservation_date, visit_date, adult_count, child_count, reservation_status) VALUES (192,192,2,'2024-01-08','2024-01-09',52,48,'PAYED');
INSERT INTO orders (order_id, order_num, member_id, order_date, reservation_status) VALUES (192,20240619000192,4,'2024-01-08','PAYED');
INSERT INTO order_ticket (order_ticket_id, adult_count, adult_price, child_count, child_price, visit_date, order_id, ticket_id, reservation_ticket_id) VALUES (192,52,30000,48,20000,'2024-01-09',192,2,192);
INSERT INTO reservation (reservation_id, member_id) VALUES (193,null);
INSERT INTO reservation_ticket (id, reservation_id, ticket_id, reservation_date, visit_date, adult_count, child_count, reservation_status) VALUES (193,193,1,'2024-01-09','2024-01-10',45,55,'PAYED');
INSERT INTO orders (order_id, order_num, member_id, order_date, reservation_status) VALUES (193,20240619000193,2,'2024-01-09','PAYED');
INSERT INTO order_ticket (order_ticket_id, adult_count, adult_price, child_count, child_price, visit_date, order_id, ticket_id, reservation_ticket_id) VALUES (193,45,30000,55,20000,'2024-01-10',193,1,193);
INSERT INTO reservation (reservation_id, member_id) VALUES (194,null);
INSERT INTO reservation_ticket (id, reservation_id, ticket_id, reservation_date, visit_date, adult_count, child_count, reservation_status) VALUES (194,194,2,'2024-01-10','2024-01-11',55,45,'PAYED');
INSERT INTO orders (order_id, order_num, member_id, order_date, reservation_status) VALUES (194,20240619000194,3,'2024-01-10','PAYED');
INSERT INTO order_ticket (order_ticket_id, adult_count, adult_price, child_count, child_price, visit_date, order_id, ticket_id, reservation_ticket_id) VALUES (194,55,30000,45,20000,'2024-01-11',194,2,194);
INSERT INTO reservation (reservation_id, member_id) VALUES (195,null);
INSERT INTO reservation_ticket (id, reservation_id, ticket_id, reservation_date, visit_date, adult_count, child_count, reservation_status) VALUES (195,195,1,'2024-01-11','2024-01-12',52,48,'PAYED');
INSERT INTO orders (order_id, order_num, member_id, order_date, reservation_status) VALUES (195,20240619000195,4,'2024-01-11','PAYED');
INSERT INTO order_ticket (order_ticket_id, adult_count, adult_price, child_count, child_price, visit_date, order_id, ticket_id, reservation_ticket_id) VALUES (195,52,30000,48,20000,'2024-01-12',195,1,195);
INSERT INTO reservation (reservation_id, member_id) VALUES (196,null);
INSERT INTO reservation_ticket (id, reservation_id, ticket_id, reservation_date, visit_date, adult_count, child_count, reservation_status) VALUES (196,196,2,'2024-01-12','2024-01-13',44,56,'PAYED');
INSERT INTO orders (order_id, order_num, member_id, order_date, reservation_status) VALUES (196,20240619000196,2,'2024-01-12','PAYED');
INSERT INTO order_ticket (order_ticket_id, adult_count, adult_price, child_count, child_price, visit_date, order_id, ticket_id, reservation_ticket_id) VALUES (196,44,30000,56,20000,'2024-01-13',196,2,196);
INSERT INTO reservation (reservation_id, member_id) VALUES (197,null);
INSERT INTO reservation_ticket (id, reservation_id, ticket_id, reservation_date, visit_date, adult_count, child_count, reservation_status) VALUES (197,197,1,'2024-01-13','2024-01-14',31,69,'PAYED');
INSERT INTO orders (order_id, order_num, member_id, order_date, reservation_status) VALUES (197,20240619000197,3,'2024-01-13','PAYED');
INSERT INTO order_ticket (order_ticket_id, adult_count, adult_price, child_count, child_price, visit_date, order_id, ticket_id, reservation_ticket_id) VALUES (197,31,30000,69,20000,'2024-01-14',197,1,197);
INSERT INTO reservation (reservation_id, member_id) VALUES (198,null);
INSERT INTO reservation_ticket (id, reservation_id, ticket_id, reservation_date, visit_date, adult_count, child_count, reservation_status) VALUES (198,198,2,'2024-01-14','2024-01-15',48,52,'PAYED');
INSERT INTO orders (order_id, order_num, member_id, order_date, reservation_status) VALUES (198,20240619000198,4,'2024-01-14','PAYED');
INSERT INTO order_ticket (order_ticket_id, adult_count, adult_price, child_count, child_price, visit_date, order_id, ticket_id, reservation_ticket_id) VALUES (198,48,30000,52,20000,'2024-01-15',198,2,198);
INSERT INTO reservation (reservation_id, member_id) VALUES (199,null);
INSERT INTO reservation_ticket (id, reservation_id, ticket_id, reservation_date, visit_date, adult_count, child_count, reservation_status) VALUES (199,199,1,'2024-01-15','2024-01-16',25,75,'PAYED');
INSERT INTO orders (order_id, order_num, member_id, order_date, reservation_status) VALUES (199,20240619000199,2,'2024-01-15','PAYED');
INSERT INTO order_ticket (order_ticket_id, adult_count, adult_price, child_count, child_price, visit_date, order_id, ticket_id, reservation_ticket_id) VALUES (199,25,30000,75,20000,'2024-01-16',199,1,199);
INSERT INTO reservation (reservation_id, member_id) VALUES (200,null);
INSERT INTO reservation_ticket (id, reservation_id, ticket_id, reservation_date, visit_date, adult_count, child_count, reservation_status) VALUES (200,200,2,'2024-01-16','2024-01-17',78,22,'PAYED');
INSERT INTO orders (order_id, order_num, member_id, order_date, reservation_status) VALUES (200,20240619000200,3,'2024-01-16','PAYED');
INSERT INTO order_ticket (order_ticket_id, adult_count, adult_price, child_count, child_price, visit_date, order_id, ticket_id, reservation_ticket_id) VALUES (200,78,30000,22,20000,'2024-01-17',200,2,200);
INSERT INTO reservation (reservation_id, member_id) VALUES (201,null);
INSERT INTO reservation_ticket (id, reservation_id, ticket_id, reservation_date, visit_date, adult_count, child_count, reservation_status) VALUES (201,201,1,'2024-01-17','2024-01-18',42,58,'PAYED');
INSERT INTO orders (order_id, order_num, member_id, order_date, reservation_status) VALUES (201,20240619000201,4,'2024-01-17','PAYED');
INSERT INTO order_ticket (order_ticket_id, adult_count, adult_price, child_count, child_price, visit_date, order_id, ticket_id, reservation_ticket_id) VALUES (201,42,30000,58,20000,'2024-01-18',201,1,201);
INSERT INTO reservation (reservation_id, member_id) VALUES (202,null);
INSERT INTO reservation_ticket (id, reservation_id, ticket_id, reservation_date, visit_date, adult_count, child_count, reservation_status) VALUES (202,202,2,'2024-01-18','2024-01-19',31,69,'PAYED');
INSERT INTO orders (order_id, order_num, member_id, order_date, reservation_status) VALUES (202,20240619000202,2,'2024-01-18','PAYED');
INSERT INTO order_ticket (order_ticket_id, adult_count, adult_price, child_count, child_price, visit_date, order_id, ticket_id, reservation_ticket_id) VALUES (202,31,30000,69,20000,'2024-01-19',202,2,202);
INSERT INTO reservation (reservation_id, member_id) VALUES (203,null);
INSERT INTO reservation_ticket (id, reservation_id, ticket_id, reservation_date, visit_date, adult_count, child_count, reservation_status) VALUES (203,203,1,'2024-01-19','2024-01-20',11,89,'PAYED');
INSERT INTO orders (order_id, order_num, member_id, order_date, reservation_status) VALUES (203,20240619000203,3,'2024-01-19','PAYED');
INSERT INTO order_ticket (order_ticket_id, adult_count, adult_price, child_count, child_price, visit_date, order_id, ticket_id, reservation_ticket_id) VALUES (203,11,30000,89,20000,'2024-01-20',203,1,203);
INSERT INTO reservation (reservation_id, member_id) VALUES (204,null);
INSERT INTO reservation_ticket (id, reservation_id, ticket_id, reservation_date, visit_date, adult_count, child_count, reservation_status) VALUES (204,204,2,'2024-01-20','2024-01-21',31,69,'PAYED');
INSERT INTO orders (order_id, order_num, member_id, order_date, reservation_status) VALUES (204,20240619000204,4,'2024-01-20','PAYED');
INSERT INTO order_ticket (order_ticket_id, adult_count, adult_price, child_count, child_price, visit_date, order_id, ticket_id, reservation_ticket_id) VALUES (204,31,30000,69,20000,'2024-01-21',204,2,204);
INSERT INTO reservation (reservation_id, member_id) VALUES (205,null);
INSERT INTO reservation_ticket (id, reservation_id, ticket_id, reservation_date, visit_date, adult_count, child_count, reservation_status) VALUES (205,205,1,'2024-01-21','2024-01-22',48,52,'PAYED');
INSERT INTO orders (order_id, order_num, member_id, order_date, reservation_status) VALUES (205,20240619000205,2,'2024-01-21','PAYED');
INSERT INTO order_ticket (order_ticket_id, adult_count, adult_price, child_count, child_price, visit_date, order_id, ticket_id, reservation_ticket_id) VALUES (205,48,30000,52,20000,'2024-01-22',205,1,205);
INSERT INTO reservation (reservation_id, member_id) VALUES (206,null);
INSERT INTO reservation_ticket (id, reservation_id, ticket_id, reservation_date, visit_date, adult_count, child_count, reservation_status) VALUES (206,206,2,'2024-01-22','2024-01-23',25,75,'PAYED');
INSERT INTO orders (order_id, order_num, member_id, order_date, reservation_status) VALUES (206,20240619000206,3,'2024-01-22','PAYED');
INSERT INTO order_ticket (order_ticket_id, adult_count, adult_price, child_count, child_price, visit_date, order_id, ticket_id, reservation_ticket_id) VALUES (206,25,30000,75,20000,'2024-01-23',206,2,206);
INSERT INTO reservation (reservation_id, member_id) VALUES (207,null);
INSERT INTO reservation_ticket (id, reservation_id, ticket_id, reservation_date, visit_date, adult_count, child_count, reservation_status) VALUES (207,207,1,'2024-01-23','2024-01-24',78,22,'PAYED');
INSERT INTO orders (order_id, order_num, member_id, order_date, reservation_status) VALUES (207,20240619000207,4,'2024-01-23','PAYED');
INSERT INTO order_ticket (order_ticket_id, adult_count, adult_price, child_count, child_price, visit_date, order_id, ticket_id, reservation_ticket_id) VALUES (207,78,30000,22,20000,'2024-01-24',207,1,207);
INSERT INTO reservation (reservation_id, member_id) VALUES (208,null);
INSERT INTO reservation_ticket (id, reservation_id, ticket_id, reservation_date, visit_date, adult_count, child_count, reservation_status) VALUES (208,208,2,'2024-01-24','2024-01-25',42,58,'PAYED');
INSERT INTO orders (order_id, order_num, member_id, order_date, reservation_status) VALUES (208,20240619000208,2,'2024-01-24','PAYED');
INSERT INTO order_ticket (order_ticket_id, adult_count, adult_price, child_count, child_price, visit_date, order_id, ticket_id, reservation_ticket_id) VALUES (208,42,30000,58,20000,'2024-01-25',208,2,208);
INSERT INTO reservation (reservation_id, member_id) VALUES (209,null);
INSERT INTO reservation_ticket (id, reservation_id, ticket_id, reservation_date, visit_date, adult_count, child_count, reservation_status) VALUES (209,209,1,'2024-01-25','2024-01-26',31,69,'PAYED');
INSERT INTO orders (order_id, order_num, member_id, order_date, reservation_status) VALUES (209,20240619000209,3,'2024-01-25','PAYED');
INSERT INTO order_ticket (order_ticket_id, adult_count, adult_price, child_count, child_price, visit_date, order_id, ticket_id, reservation_ticket_id) VALUES (209,31,30000,69,20000,'2024-01-26',209,1,209);
INSERT INTO reservation (reservation_id, member_id) VALUES (210,null);
INSERT INTO reservation_ticket (id, reservation_id, ticket_id, reservation_date, visit_date, adult_count, child_count, reservation_status) VALUES (210,210,2,'2024-01-26','2024-01-27',54,46,'PAYED');
INSERT INTO orders (order_id, order_num, member_id, order_date, reservation_status) VALUES (210,20240619000210,4,'2024-01-26','PAYED');
INSERT INTO order_ticket (order_ticket_id, adult_count, adult_price, child_count, child_price, visit_date, order_id, ticket_id, reservation_ticket_id) VALUES (210,54,30000,46,20000,'2024-01-27',210,2,210);
INSERT INTO reservation (reservation_id, member_id) VALUES (211,null);
INSERT INTO reservation_ticket (id, reservation_id, ticket_id, reservation_date, visit_date, adult_count, child_count, reservation_status) VALUES (211,211,1,'2024-01-27','2024-01-28',30,70,'PAYED');
INSERT INTO orders (order_id, order_num, member_id, order_date, reservation_status) VALUES (211,20240619000211,2,'2024-01-27','PAYED');
INSERT INTO order_ticket (order_ticket_id, adult_count, adult_price, child_count, child_price, visit_date, order_id, ticket_id, reservation_ticket_id) VALUES (211,30,30000,70,20000,'2024-01-28',211,1,211);
INSERT INTO reservation (reservation_id, member_id) VALUES (212,null);
INSERT INTO reservation_ticket (id, reservation_id, ticket_id, reservation_date, visit_date, adult_count, child_count, reservation_status) VALUES (212,212,2,'2024-01-28','2024-01-29',55,45,'PAYED');
INSERT INTO orders (order_id, order_num, member_id, order_date, reservation_status) VALUES (212,20240619000212,3,'2024-01-28','PAYED');
INSERT INTO order_ticket (order_ticket_id, adult_count, adult_price, child_count, child_price, visit_date, order_id, ticket_id, reservation_ticket_id) VALUES (212,55,30000,45,20000,'2024-01-29',212,2,212);
INSERT INTO reservation (reservation_id, member_id) VALUES (213,null);
INSERT INTO reservation_ticket (id, reservation_id, ticket_id, reservation_date, visit_date, adult_count, child_count, reservation_status) VALUES (213,213,1,'2024-01-29','2024-01-30',20,80,'PAYED');
INSERT INTO orders (order_id, order_num, member_id, order_date, reservation_status) VALUES (213,20240619000213,4,'2024-01-29','PAYED');
INSERT INTO order_ticket (order_ticket_id, adult_count, adult_price, child_count, child_price, visit_date, order_id, ticket_id, reservation_ticket_id) VALUES (213,20,30000,80,20000,'2024-01-30',213,1,213);
INSERT INTO reservation (reservation_id, member_id) VALUES (214,null);
INSERT INTO reservation_ticket (id, reservation_id, ticket_id, reservation_date, visit_date, adult_count, child_count, reservation_status) VALUES (214,214,2,'2024-01-30','2024-01-31',30,70,'PAYED');
INSERT INTO orders (order_id, order_num, member_id, order_date, reservation_status) VALUES (214,20240619000214,2,'2024-01-30','PAYED');
INSERT INTO order_ticket (order_ticket_id, adult_count, adult_price, child_count, child_price, visit_date, order_id, ticket_id, reservation_ticket_id) VALUES (214,30,30000,70,20000,'2024-01-31',214,2,214);
INSERT INTO reservation (reservation_id, member_id) VALUES (215,null);
INSERT INTO reservation_ticket (id, reservation_id, ticket_id, reservation_date, visit_date, adult_count, child_count, reservation_status) VALUES (215,215,1,'2024-01-31','2024-02-01',10,90,'PAYED');
INSERT INTO orders (order_id, order_num, member_id, order_date, reservation_status) VALUES (215,20240619000215,3,'2024-01-31','PAYED');
INSERT INTO order_ticket (order_ticket_id, adult_count, adult_price, child_count, child_price, visit_date, order_id, ticket_id, reservation_ticket_id) VALUES (215,10,30000,90,20000,'2024-02-01',215,1,215);
INSERT INTO reservation (reservation_id, member_id) VALUES (216,null);
INSERT INTO reservation_ticket (id, reservation_id, ticket_id, reservation_date, visit_date, adult_count, child_count, reservation_status) VALUES (216,216,2,'2024-02-01','2024-02-02',45,55,'PAYED');
INSERT INTO orders (order_id, order_num, member_id, order_date, reservation_status) VALUES (216,20240619000216,4,'2024-02-01','PAYED');
INSERT INTO order_ticket (order_ticket_id, adult_count, adult_price, child_count, child_price, visit_date, order_id, ticket_id, reservation_ticket_id) VALUES (216,45,30000,55,20000,'2024-02-02',216,2,216);
INSERT INTO reservation (reservation_id, member_id) VALUES (217,null);
INSERT INTO reservation_ticket (id, reservation_id, ticket_id, reservation_date, visit_date, adult_count, child_count, reservation_status) VALUES (217,217,1,'2024-02-02','2024-02-03',46,54,'PAYED');
INSERT INTO orders (order_id, order_num, member_id, order_date, reservation_status) VALUES (217,20240619000217,2,'2024-02-02','PAYED');
INSERT INTO order_ticket (order_ticket_id, adult_count, adult_price, child_count, child_price, visit_date, order_id, ticket_id, reservation_ticket_id) VALUES (217,46,30000,54,20000,'2024-02-03',217,1,217);
INSERT INTO reservation (reservation_id, member_id) VALUES (218,null);
INSERT INTO reservation_ticket (id, reservation_id, ticket_id, reservation_date, visit_date, adult_count, child_count, reservation_status) VALUES (218,218,2,'2024-02-03','2024-02-04',28,72,'PAYED');
INSERT INTO orders (order_id, order_num, member_id, order_date, reservation_status) VALUES (218,20240619000218,3,'2024-02-03','PAYED');
INSERT INTO order_ticket (order_ticket_id, adult_count, adult_price, child_count, child_price, visit_date, order_id, ticket_id, reservation_ticket_id) VALUES (218,28,30000,72,20000,'2024-02-04',218,2,218);
INSERT INTO reservation (reservation_id, member_id) VALUES (219,null);
INSERT INTO reservation_ticket (id, reservation_id, ticket_id, reservation_date, visit_date, adult_count, child_count, reservation_status) VALUES (219,219,1,'2024-02-04','2024-02-05',55,45,'PAYED');
INSERT INTO orders (order_id, order_num, member_id, order_date, reservation_status) VALUES (219,20240619000219,4,'2024-02-04','PAYED');
INSERT INTO order_ticket (order_ticket_id, adult_count, adult_price, child_count, child_price, visit_date, order_id, ticket_id, reservation_ticket_id) VALUES (219,55,30000,45,20000,'2024-02-05',219,1,219);
INSERT INTO reservation (reservation_id, member_id) VALUES (220,null);
INSERT INTO reservation_ticket (id, reservation_id, ticket_id, reservation_date, visit_date, adult_count, child_count, reservation_status) VALUES (220,220,2,'2024-02-05','2024-02-06',25,75,'PAYED');
INSERT INTO orders (order_id, order_num, member_id, order_date, reservation_status) VALUES (220,20240619000220,2,'2024-02-05','PAYED');
INSERT INTO order_ticket (order_ticket_id, adult_count, adult_price, child_count, child_price, visit_date, order_id, ticket_id, reservation_ticket_id) VALUES (220,25,30000,75,20000,'2024-02-06',220,2,220);
INSERT INTO reservation (reservation_id, member_id) VALUES (221,null);
INSERT INTO reservation_ticket (id, reservation_id, ticket_id, reservation_date, visit_date, adult_count, child_count, reservation_status) VALUES (221,221,1,'2024-02-06','2024-02-07',14,86,'PAYED');
INSERT INTO orders (order_id, order_num, member_id, order_date, reservation_status) VALUES (221,20240619000221,3,'2024-02-06','PAYED');
INSERT INTO order_ticket (order_ticket_id, adult_count, adult_price, child_count, child_price, visit_date, order_id, ticket_id, reservation_ticket_id) VALUES (221,14,30000,86,20000,'2024-02-07',221,1,221);
INSERT INTO reservation (reservation_id, member_id) VALUES (222,null);
INSERT INTO reservation_ticket (id, reservation_id, ticket_id, reservation_date, visit_date, adult_count, child_count, reservation_status) VALUES (222,222,2,'2024-02-07','2024-02-08',13,87,'PAYED');
INSERT INTO orders (order_id, order_num, member_id, order_date, reservation_status) VALUES (222,20240619000222,4,'2024-02-07','PAYED');
INSERT INTO order_ticket (order_ticket_id, adult_count, adult_price, child_count, child_price, visit_date, order_id, ticket_id, reservation_ticket_id) VALUES (222,13,30000,87,20000,'2024-02-08',222,2,222);
INSERT INTO reservation (reservation_id, member_id) VALUES (223,null);
INSERT INTO reservation_ticket (id, reservation_id, ticket_id, reservation_date, visit_date, adult_count, child_count, reservation_status) VALUES (223,223,1,'2024-02-08','2024-02-09',21,79,'PAYED');
INSERT INTO orders (order_id, order_num, member_id, order_date, reservation_status) VALUES (223,20240619000223,2,'2024-02-08','PAYED');
INSERT INTO order_ticket (order_ticket_id, adult_count, adult_price, child_count, child_price, visit_date, order_id, ticket_id, reservation_ticket_id) VALUES (223,21,30000,79,20000,'2024-02-09',223,1,223);
INSERT INTO reservation (reservation_id, member_id) VALUES (224,null);
INSERT INTO reservation_ticket (id, reservation_id, ticket_id, reservation_date, visit_date, adult_count, child_count, reservation_status) VALUES (224,224,2,'2024-02-09','2024-02-10',32,68,'PAYED');
INSERT INTO orders (order_id, order_num, member_id, order_date, reservation_status) VALUES (224,20240619000224,3,'2024-02-09','PAYED');
INSERT INTO order_ticket (order_ticket_id, adult_count, adult_price, child_count, child_price, visit_date, order_id, ticket_id, reservation_ticket_id) VALUES (224,32,30000,68,20000,'2024-02-10',224,2,224);
INSERT INTO reservation (reservation_id, member_id) VALUES (225,null);
INSERT INTO reservation_ticket (id, reservation_id, ticket_id, reservation_date, visit_date, adult_count, child_count, reservation_status) VALUES (225,225,1,'2024-02-10','2024-02-11',18,82,'PAYED');
INSERT INTO orders (order_id, order_num, member_id, order_date, reservation_status) VALUES (225,20240619000225,4,'2024-02-10','PAYED');
INSERT INTO order_ticket (order_ticket_id, adult_count, adult_price, child_count, child_price, visit_date, order_id, ticket_id, reservation_ticket_id) VALUES (225,18,30000,82,20000,'2024-02-11',225,1,225);
INSERT INTO reservation (reservation_id, member_id) VALUES (226,null);
INSERT INTO reservation_ticket (id, reservation_id, ticket_id, reservation_date, visit_date, adult_count, child_count, reservation_status) VALUES (226,226,2,'2024-02-11','2024-02-12',60,40,'PAYED');
INSERT INTO orders (order_id, order_num, member_id, order_date, reservation_status) VALUES (226,20240619000226,2,'2024-02-11','PAYED');
INSERT INTO order_ticket (order_ticket_id, adult_count, adult_price, child_count, child_price, visit_date, order_id, ticket_id, reservation_ticket_id) VALUES (226,60,30000,40,20000,'2024-02-12',226,2,226);
INSERT INTO reservation (reservation_id, member_id) VALUES (227,null);
INSERT INTO reservation_ticket (id, reservation_id, ticket_id, reservation_date, visit_date, adult_count, child_count, reservation_status) VALUES (227,227,1,'2024-02-12','2024-02-13',70,30,'PAYED');
INSERT INTO orders (order_id, order_num, member_id, order_date, reservation_status) VALUES (227,20240619000227,3,'2024-02-12','PAYED');
INSERT INTO order_ticket (order_ticket_id, adult_count, adult_price, child_count, child_price, visit_date, order_id, ticket_id, reservation_ticket_id) VALUES (227,70,30000,30,20000,'2024-02-13',227,1,227);
INSERT INTO reservation (reservation_id, member_id) VALUES (228,null);
INSERT INTO reservation_ticket (id, reservation_id, ticket_id, reservation_date, visit_date, adult_count, child_count, reservation_status) VALUES (228,228,2,'2024-02-13','2024-02-14',45,55,'PAYED');
INSERT INTO orders (order_id, order_num, member_id, order_date, reservation_status) VALUES (228,20240619000228,4,'2024-02-13','PAYED');
INSERT INTO order_ticket (order_ticket_id, adult_count, adult_price, child_count, child_price, visit_date, order_id, ticket_id, reservation_ticket_id) VALUES (228,45,30000,55,20000,'2024-02-14',228,2,228);
INSERT INTO reservation (reservation_id, member_id) VALUES (229,null);
INSERT INTO reservation_ticket (id, reservation_id, ticket_id, reservation_date, visit_date, adult_count, child_count, reservation_status) VALUES (229,229,1,'2024-02-14','2024-02-15',48,52,'PAYED');
INSERT INTO orders (order_id, order_num, member_id, order_date, reservation_status) VALUES (229,20240619000229,2,'2024-02-14','PAYED');
INSERT INTO order_ticket (order_ticket_id, adult_count, adult_price, child_count, child_price, visit_date, order_id, ticket_id, reservation_ticket_id) VALUES (229,48,30000,52,20000,'2024-02-15',229,1,229);
INSERT INTO reservation (reservation_id, member_id) VALUES (230,null);
INSERT INTO reservation_ticket (id, reservation_id, ticket_id, reservation_date, visit_date, adult_count, child_count, reservation_status) VALUES (230,230,2,'2024-02-15','2024-02-16',25,75,'PAYED');
INSERT INTO orders (order_id, order_num, member_id, order_date, reservation_status) VALUES (230,20240619000230,3,'2024-02-15','PAYED');
INSERT INTO order_ticket (order_ticket_id, adult_count, adult_price, child_count, child_price, visit_date, order_id, ticket_id, reservation_ticket_id) VALUES (230,25,30000,75,20000,'2024-02-16',230,2,230);
INSERT INTO reservation (reservation_id, member_id) VALUES (231,null);
INSERT INTO reservation_ticket (id, reservation_id, ticket_id, reservation_date, visit_date, adult_count, child_count, reservation_status) VALUES (231,231,1,'2024-02-16','2024-02-17',52,48,'PAYED');
INSERT INTO orders (order_id, order_num, member_id, order_date, reservation_status) VALUES (231,20240619000231,4,'2024-02-16','PAYED');
INSERT INTO order_ticket (order_ticket_id, adult_count, adult_price, child_count, child_price, visit_date, order_id, ticket_id, reservation_ticket_id) VALUES (231,52,30000,48,20000,'2024-02-17',231,1,231);
INSERT INTO reservation (reservation_id, member_id) VALUES (232,null);
INSERT INTO reservation_ticket (id, reservation_id, ticket_id, reservation_date, visit_date, adult_count, child_count, reservation_status) VALUES (232,232,2,'2024-02-17','2024-02-18',45,55,'PAYED');
INSERT INTO orders (order_id, order_num, member_id, order_date, reservation_status) VALUES (232,20240619000232,2,'2024-02-17','PAYED');
INSERT INTO order_ticket (order_ticket_id, adult_count, adult_price, child_count, child_price, visit_date, order_id, ticket_id, reservation_ticket_id) VALUES (232,45,30000,55,20000,'2024-02-18',232,2,232);
INSERT INTO reservation (reservation_id, member_id) VALUES (233,null);
INSERT INTO reservation_ticket (id, reservation_id, ticket_id, reservation_date, visit_date, adult_count, child_count, reservation_status) VALUES (233,233,1,'2024-02-18','2024-02-19',55,45,'PAYED');
INSERT INTO orders (order_id, order_num, member_id, order_date, reservation_status) VALUES (233,20240619000233,3,'2024-02-18','PAYED');
INSERT INTO order_ticket (order_ticket_id, adult_count, adult_price, child_count, child_price, visit_date, order_id, ticket_id, reservation_ticket_id) VALUES (233,55,30000,45,20000,'2024-02-19',233,1,233);
INSERT INTO reservation (reservation_id, member_id) VALUES (234,null);
INSERT INTO reservation_ticket (id, reservation_id, ticket_id, reservation_date, visit_date, adult_count, child_count, reservation_status) VALUES (234,234,2,'2024-02-19','2024-02-20',52,48,'PAYED');
INSERT INTO orders (order_id, order_num, member_id, order_date, reservation_status) VALUES (234,20240619000234,4,'2024-02-19','PAYED');
INSERT INTO order_ticket (order_ticket_id, adult_count, adult_price, child_count, child_price, visit_date, order_id, ticket_id, reservation_ticket_id) VALUES (234,52,30000,48,20000,'2024-02-20',234,2,234);
INSERT INTO reservation (reservation_id, member_id) VALUES (235,null);
INSERT INTO reservation_ticket (id, reservation_id, ticket_id, reservation_date, visit_date, adult_count, child_count, reservation_status) VALUES (235,235,1,'2024-02-20','2024-02-21',18,82,'PAYED');
INSERT INTO orders (order_id, order_num, member_id, order_date, reservation_status) VALUES (235,20240619000235,2,'2024-02-20','PAYED');
INSERT INTO order_ticket (order_ticket_id, adult_count, adult_price, child_count, child_price, visit_date, order_id, ticket_id, reservation_ticket_id) VALUES (235,18,30000,82,20000,'2024-02-21',235,1,235);
INSERT INTO reservation (reservation_id, member_id) VALUES (236,null);
INSERT INTO reservation_ticket (id, reservation_id, ticket_id, reservation_date, visit_date, adult_count, child_count, reservation_status) VALUES (236,236,2,'2024-02-21','2024-02-22',60,40,'PAYED');
INSERT INTO orders (order_id, order_num, member_id, order_date, reservation_status) VALUES (236,20240619000236,3,'2024-02-21','PAYED');
INSERT INTO order_ticket (order_ticket_id, adult_count, adult_price, child_count, child_price, visit_date, order_id, ticket_id, reservation_ticket_id) VALUES (236,60,30000,40,20000,'2024-02-22',236,2,236);
INSERT INTO reservation (reservation_id, member_id) VALUES (237,null);
INSERT INTO reservation_ticket (id, reservation_id, ticket_id, reservation_date, visit_date, adult_count, child_count, reservation_status) VALUES (237,237,1,'2024-02-22','2024-02-23',70,30,'PAYED');
INSERT INTO orders (order_id, order_num, member_id, order_date, reservation_status) VALUES (237,20240619000237,4,'2024-02-22','PAYED');
INSERT INTO order_ticket (order_ticket_id, adult_count, adult_price, child_count, child_price, visit_date, order_id, ticket_id, reservation_ticket_id) VALUES (237,70,30000,30,20000,'2024-02-23',237,1,237);
INSERT INTO reservation (reservation_id, member_id) VALUES (238,null);
INSERT INTO reservation_ticket (id, reservation_id, ticket_id, reservation_date, visit_date, adult_count, child_count, reservation_status) VALUES (238,238,2,'2024-02-23','2024-02-24',45,55,'PAYED');
INSERT INTO orders (order_id, order_num, member_id, order_date, reservation_status) VALUES (238,20240619000238,2,'2024-02-23','PAYED');
INSERT INTO order_ticket (order_ticket_id, adult_count, adult_price, child_count, child_price, visit_date, order_id, ticket_id, reservation_ticket_id) VALUES (238,45,30000,55,20000,'2024-02-24',238,2,238);
INSERT INTO reservation (reservation_id, member_id) VALUES (239,null);
INSERT INTO reservation_ticket (id, reservation_id, ticket_id, reservation_date, visit_date, adult_count, child_count, reservation_status) VALUES (239,239,1,'2024-02-24','2024-02-25',54,46,'PAYED');
INSERT INTO orders (order_id, order_num, member_id, order_date, reservation_status) VALUES (239,20240619000239,3,'2024-02-24','PAYED');
INSERT INTO order_ticket (order_ticket_id, adult_count, adult_price, child_count, child_price, visit_date, order_id, ticket_id, reservation_ticket_id) VALUES (239,54,30000,46,20000,'2024-02-25',239,1,239);
INSERT INTO reservation (reservation_id, member_id) VALUES (240,null);
INSERT INTO reservation_ticket (id, reservation_id, ticket_id, reservation_date, visit_date, adult_count, child_count, reservation_status) VALUES (240,240,2,'2024-02-25','2024-02-26',30,70,'PAYED');
INSERT INTO orders (order_id, order_num, member_id, order_date, reservation_status) VALUES (240,20240619000240,4,'2024-02-25','PAYED');
INSERT INTO order_ticket (order_ticket_id, adult_count, adult_price, child_count, child_price, visit_date, order_id, ticket_id, reservation_ticket_id) VALUES (240,30,30000,70,20000,'2024-02-26',240,2,240);
INSERT INTO reservation (reservation_id, member_id) VALUES (241,null);
INSERT INTO reservation_ticket (id, reservation_id, ticket_id, reservation_date, visit_date, adult_count, child_count, reservation_status) VALUES (241,241,1,'2024-02-26','2024-02-27',70,30,'PAYED');
INSERT INTO orders (order_id, order_num, member_id, order_date, reservation_status) VALUES (241,20240619000241,2,'2024-02-26','PAYED');
INSERT INTO order_ticket (order_ticket_id, adult_count, adult_price, child_count, child_price, visit_date, order_id, ticket_id, reservation_ticket_id) VALUES (241,70,30000,30,20000,'2024-02-27',241,1,241);
INSERT INTO reservation (reservation_id, member_id) VALUES (242,null);
INSERT INTO reservation_ticket (id, reservation_id, ticket_id, reservation_date, visit_date, adult_count, child_count, reservation_status) VALUES (242,242,2,'2024-02-27','2024-02-28',20,80,'PAYED');
INSERT INTO orders (order_id, order_num, member_id, order_date, reservation_status) VALUES (242,20240619000242,3,'2024-02-27','PAYED');
INSERT INTO order_ticket (order_ticket_id, adult_count, adult_price, child_count, child_price, visit_date, order_id, ticket_id, reservation_ticket_id) VALUES (242,20,30000,80,20000,'2024-02-28',242,2,242);
INSERT INTO reservation (reservation_id, member_id) VALUES (243,null);
INSERT INTO reservation_ticket (id, reservation_id, ticket_id, reservation_date, visit_date, adult_count, child_count, reservation_status) VALUES (243,243,1,'2024-02-28','2024-02-29',30,70,'PAYED');
INSERT INTO orders (order_id, order_num, member_id, order_date, reservation_status) VALUES (243,20240619000243,4,'2024-02-28','PAYED');
INSERT INTO order_ticket (order_ticket_id, adult_count, adult_price, child_count, child_price, visit_date, order_id, ticket_id, reservation_ticket_id) VALUES (243,30,30000,70,20000,'2024-02-29',243,1,243);
INSERT INTO reservation (reservation_id, member_id) VALUES (244,null);
INSERT INTO reservation_ticket (id, reservation_id, ticket_id, reservation_date, visit_date, adult_count, child_count, reservation_status) VALUES (244,244,2,'2024-02-29','2024-03-01',10,90,'PAYED');
INSERT INTO orders (order_id, order_num, member_id, order_date, reservation_status) VALUES (244,20240619000244,2,'2024-02-29','PAYED');
INSERT INTO order_ticket (order_ticket_id, adult_count, adult_price, child_count, child_price, visit_date, order_id, ticket_id, reservation_ticket_id) VALUES (244,10,30000,90,20000,'2024-03-01',244,2,244);
INSERT INTO reservation (reservation_id, member_id) VALUES (245,null);
INSERT INTO reservation_ticket (id, reservation_id, ticket_id, reservation_date, visit_date, adult_count, child_count, reservation_status) VALUES (245,245,1,'2024-03-01','2024-03-02',52,48,'PAYED');
INSERT INTO orders (order_id, order_num, member_id, order_date, reservation_status) VALUES (245,20240619000245,3,'2024-03-01','PAYED');
INSERT INTO order_ticket (order_ticket_id, adult_count, adult_price, child_count, child_price, visit_date, order_id, ticket_id, reservation_ticket_id) VALUES (245,52,30000,48,20000,'2024-03-02',245,1,245);
INSERT INTO reservation (reservation_id, member_id) VALUES (246,null);
INSERT INTO reservation_ticket (id, reservation_id, ticket_id, reservation_date, visit_date, adult_count, child_count, reservation_status) VALUES (246,246,2,'2024-03-02','2024-03-03',45,55,'PAYED');
INSERT INTO orders (order_id, order_num, member_id, order_date, reservation_status) VALUES (246,20240619000246,4,'2024-03-02','PAYED');
INSERT INTO order_ticket (order_ticket_id, adult_count, adult_price, child_count, child_price, visit_date, order_id, ticket_id, reservation_ticket_id) VALUES (246,45,30000,55,20000,'2024-03-03',246,2,246);
INSERT INTO reservation (reservation_id, member_id) VALUES (247,null);
INSERT INTO reservation_ticket (id, reservation_id, ticket_id, reservation_date, visit_date, adult_count, child_count, reservation_status) VALUES (247,247,1,'2024-03-03','2024-03-04',55,45,'PAYED');
INSERT INTO orders (order_id, order_num, member_id, order_date, reservation_status) VALUES (247,20240619000247,2,'2024-03-03','PAYED');
INSERT INTO order_ticket (order_ticket_id, adult_count, adult_price, child_count, child_price, visit_date, order_id, ticket_id, reservation_ticket_id) VALUES (247,55,30000,45,20000,'2024-03-04',247,1,247);
INSERT INTO reservation (reservation_id, member_id) VALUES (248,null);
INSERT INTO reservation_ticket (id, reservation_id, ticket_id, reservation_date, visit_date, adult_count, child_count, reservation_status) VALUES (248,248,2,'2024-03-04','2024-03-05',52,48,'PAYED');
INSERT INTO orders (order_id, order_num, member_id, order_date, reservation_status) VALUES (248,20240619000248,3,'2024-03-04','PAYED');
INSERT INTO order_ticket (order_ticket_id, adult_count, adult_price, child_count, child_price, visit_date, order_id, ticket_id, reservation_ticket_id) VALUES (248,52,30000,48,20000,'2024-03-05',248,2,248);
INSERT INTO reservation (reservation_id, member_id) VALUES (249,null);
INSERT INTO reservation_ticket (id, reservation_id, ticket_id, reservation_date, visit_date, adult_count, child_count, reservation_status) VALUES (249,249,1,'2024-03-05','2024-03-06',44,56,'PAYED');
INSERT INTO orders (order_id, order_num, member_id, order_date, reservation_status) VALUES (249,20240619000249,4,'2024-03-05','PAYED');
INSERT INTO order_ticket (order_ticket_id, adult_count, adult_price, child_count, child_price, visit_date, order_id, ticket_id, reservation_ticket_id) VALUES (249,44,30000,56,20000,'2024-03-06',249,1,249);
INSERT INTO reservation (reservation_id, member_id) VALUES (250,null);
INSERT INTO reservation_ticket (id, reservation_id, ticket_id, reservation_date, visit_date, adult_count, child_count, reservation_status) VALUES (250,250,2,'2024-03-06','2024-03-07',31,69,'PAYED');
INSERT INTO orders (order_id, order_num, member_id, order_date, reservation_status) VALUES (250,20240619000250,2,'2024-03-06','PAYED');
INSERT INTO order_ticket (order_ticket_id, adult_count, adult_price, child_count, child_price, visit_date, order_id, ticket_id, reservation_ticket_id) VALUES (250,31,30000,69,20000,'2024-03-07',250,2,250);
INSERT INTO reservation (reservation_id, member_id) VALUES (251,null);
INSERT INTO reservation_ticket (id, reservation_id, ticket_id, reservation_date, visit_date, adult_count, child_count, reservation_status) VALUES (251,251,1,'2024-03-07','2024-03-08',48,52,'PAYED');
INSERT INTO orders (order_id, order_num, member_id, order_date, reservation_status) VALUES (251,20240619000251,3,'2024-03-07','PAYED');
INSERT INTO order_ticket (order_ticket_id, adult_count, adult_price, child_count, child_price, visit_date, order_id, ticket_id, reservation_ticket_id) VALUES (251,48,30000,52,20000,'2024-03-08',251,1,251);
INSERT INTO reservation (reservation_id, member_id) VALUES (252,null);
INSERT INTO reservation_ticket (id, reservation_id, ticket_id, reservation_date, visit_date, adult_count, child_count, reservation_status) VALUES (252,252,2,'2024-03-08','2024-03-09',25,75,'PAYED');
INSERT INTO orders (order_id, order_num, member_id, order_date, reservation_status) VALUES (252,20240619000252,4,'2024-03-08','PAYED');
INSERT INTO order_ticket (order_ticket_id, adult_count, adult_price, child_count, child_price, visit_date, order_id, ticket_id, reservation_ticket_id) VALUES (252,25,30000,75,20000,'2024-03-09',252,2,252);
INSERT INTO reservation (reservation_id, member_id) VALUES (253,null);
INSERT INTO reservation_ticket (id, reservation_id, ticket_id, reservation_date, visit_date, adult_count, child_count, reservation_status) VALUES (253,253,1,'2024-03-09','2024-03-10',78,22,'PAYED');
INSERT INTO orders (order_id, order_num, member_id, order_date, reservation_status) VALUES (253,20240619000253,2,'2024-03-09','PAYED');
INSERT INTO order_ticket (order_ticket_id, adult_count, adult_price, child_count, child_price, visit_date, order_id, ticket_id, reservation_ticket_id) VALUES (253,78,30000,22,20000,'2024-03-10',253,1,253);
INSERT INTO reservation (reservation_id, member_id) VALUES (254,null);
INSERT INTO reservation_ticket (id, reservation_id, ticket_id, reservation_date, visit_date, adult_count, child_count, reservation_status) VALUES (254,254,2,'2024-03-10','2024-03-11',42,58,'PAYED');
INSERT INTO orders (order_id, order_num, member_id, order_date, reservation_status) VALUES (254,20240619000254,3,'2024-03-10','PAYED');
INSERT INTO order_ticket (order_ticket_id, adult_count, adult_price, child_count, child_price, visit_date, order_id, ticket_id, reservation_ticket_id) VALUES (254,42,30000,58,20000,'2024-03-11',254,2,254);
INSERT INTO reservation (reservation_id, member_id) VALUES (255,null);
INSERT INTO reservation_ticket (id, reservation_id, ticket_id, reservation_date, visit_date, adult_count, child_count, reservation_status) VALUES (255,255,1,'2024-03-11','2024-03-12',31,69,'PAYED');
INSERT INTO orders (order_id, order_num, member_id, order_date, reservation_status) VALUES (255,20240619000255,4,'2024-03-11','PAYED');
INSERT INTO order_ticket (order_ticket_id, adult_count, adult_price, child_count, child_price, visit_date, order_id, ticket_id, reservation_ticket_id) VALUES (255,31,30000,69,20000,'2024-03-12',255,1,255);
INSERT INTO reservation (reservation_id, member_id) VALUES (256,null);
INSERT INTO reservation_ticket (id, reservation_id, ticket_id, reservation_date, visit_date, adult_count, child_count, reservation_status) VALUES (256,256,2,'2024-03-12','2024-03-13',11,89,'PAYED');
INSERT INTO orders (order_id, order_num, member_id, order_date, reservation_status) VALUES (256,20240619000256,2,'2024-03-12','PAYED');
INSERT INTO order_ticket (order_ticket_id, adult_count, adult_price, child_count, child_price, visit_date, order_id, ticket_id, reservation_ticket_id) VALUES (256,11,30000,89,20000,'2024-03-13',256,2,256);
INSERT INTO reservation (reservation_id, member_id) VALUES (257,null);
INSERT INTO reservation_ticket (id, reservation_id, ticket_id, reservation_date, visit_date, adult_count, child_count, reservation_status) VALUES (257,257,1,'2024-03-13','2024-03-14',31,69,'PAYED');
INSERT INTO orders (order_id, order_num, member_id, order_date, reservation_status) VALUES (257,20240619000257,3,'2024-03-13','PAYED');
INSERT INTO order_ticket (order_ticket_id, adult_count, adult_price, child_count, child_price, visit_date, order_id, ticket_id, reservation_ticket_id) VALUES (257,31,30000,69,20000,'2024-03-14',257,1,257);
INSERT INTO reservation (reservation_id, member_id) VALUES (258,null);
INSERT INTO reservation_ticket (id, reservation_id, ticket_id, reservation_date, visit_date, adult_count, child_count, reservation_status) VALUES (258,258,2,'2024-03-14','2024-03-15',48,52,'PAYED');
INSERT INTO orders (order_id, order_num, member_id, order_date, reservation_status) VALUES (258,20240619000258,4,'2024-03-14','PAYED');
INSERT INTO order_ticket (order_ticket_id, adult_count, adult_price, child_count, child_price, visit_date, order_id, ticket_id, reservation_ticket_id) VALUES (258,48,30000,52,20000,'2024-03-15',258,2,258);
INSERT INTO reservation (reservation_id, member_id) VALUES (259,null);
INSERT INTO reservation_ticket (id, reservation_id, ticket_id, reservation_date, visit_date, adult_count, child_count, reservation_status) VALUES (259,259,1,'2024-03-15','2024-03-16',25,75,'PAYED');
INSERT INTO orders (order_id, order_num, member_id, order_date, reservation_status) VALUES (259,20240619000259,2,'2024-03-15','PAYED');
INSERT INTO order_ticket (order_ticket_id, adult_count, adult_price, child_count, child_price, visit_date, order_id, ticket_id, reservation_ticket_id) VALUES (259,25,30000,75,20000,'2024-03-16',259,1,259);
INSERT INTO reservation (reservation_id, member_id) VALUES (260,null);
INSERT INTO reservation_ticket (id, reservation_id, ticket_id, reservation_date, visit_date, adult_count, child_count, reservation_status) VALUES (260,260,2,'2024-03-16','2024-03-17',78,22,'PAYED');
INSERT INTO orders (order_id, order_num, member_id, order_date, reservation_status) VALUES (260,20240619000260,3,'2024-03-16','PAYED');
INSERT INTO order_ticket (order_ticket_id, adult_count, adult_price, child_count, child_price, visit_date, order_id, ticket_id, reservation_ticket_id) VALUES (260,78,30000,22,20000,'2024-03-17',260,2,260);
INSERT INTO reservation (reservation_id, member_id) VALUES (261,null);
INSERT INTO reservation_ticket (id, reservation_id, ticket_id, reservation_date, visit_date, adult_count, child_count, reservation_status) VALUES (261,261,1,'2024-03-17','2024-03-18',42,58,'PAYED');
INSERT INTO orders (order_id, order_num, member_id, order_date, reservation_status) VALUES (261,20240619000261,4,'2024-03-17','PAYED');
INSERT INTO order_ticket (order_ticket_id, adult_count, adult_price, child_count, child_price, visit_date, order_id, ticket_id, reservation_ticket_id) VALUES (261,42,30000,58,20000,'2024-03-18',261,1,261);
INSERT INTO reservation (reservation_id, member_id) VALUES (262,null);
INSERT INTO reservation_ticket (id, reservation_id, ticket_id, reservation_date, visit_date, adult_count, child_count, reservation_status) VALUES (262,262,2,'2024-03-18','2024-03-19',31,69,'PAYED');
INSERT INTO orders (order_id, order_num, member_id, order_date, reservation_status) VALUES (262,20240619000262,2,'2024-03-18','PAYED');
INSERT INTO order_ticket (order_ticket_id, adult_count, adult_price, child_count, child_price, visit_date, order_id, ticket_id, reservation_ticket_id) VALUES (262,31,30000,69,20000,'2024-03-19',262,2,262);
INSERT INTO reservation (reservation_id, member_id) VALUES (263,null);
INSERT INTO reservation_ticket (id, reservation_id, ticket_id, reservation_date, visit_date, adult_count, child_count, reservation_status) VALUES (263,263,1,'2024-03-19','2024-03-20',45,55,'PAYED');
INSERT INTO orders (order_id, order_num, member_id, order_date, reservation_status) VALUES (263,20240619000263,3,'2024-03-19','PAYED');
INSERT INTO order_ticket (order_ticket_id, adult_count, adult_price, child_count, child_price, visit_date, order_id, ticket_id, reservation_ticket_id) VALUES (263,45,30000,55,20000,'2024-03-20',263,1,263);
INSERT INTO reservation (reservation_id, member_id) VALUES (264,null);
INSERT INTO reservation_ticket (id, reservation_id, ticket_id, reservation_date, visit_date, adult_count, child_count, reservation_status) VALUES (264,264,2,'2024-03-20','2024-03-21',70,30,'PAYED');
INSERT INTO orders (order_id, order_num, member_id, order_date, reservation_status) VALUES (264,20240619000264,4,'2024-03-20','PAYED');
INSERT INTO order_ticket (order_ticket_id, adult_count, adult_price, child_count, child_price, visit_date, order_id, ticket_id, reservation_ticket_id) VALUES (264,70,30000,30,20000,'2024-03-21',264,2,264);
INSERT INTO reservation (reservation_id, member_id) VALUES (265,null);
INSERT INTO reservation_ticket (id, reservation_id, ticket_id, reservation_date, visit_date, adult_count, child_count, reservation_status) VALUES (265,265,1,'2024-03-21','2024-03-22',60,40,'PAYED');
INSERT INTO orders (order_id, order_num, member_id, order_date, reservation_status) VALUES (265,20240619000265,2,'2024-03-21','PAYED');
INSERT INTO order_ticket (order_ticket_id, adult_count, adult_price, child_count, child_price, visit_date, order_id, ticket_id, reservation_ticket_id) VALUES (265,60,30000,40,20000,'2024-03-22',265,1,265);
INSERT INTO reservation (reservation_id, member_id) VALUES (266,null);
INSERT INTO reservation_ticket (id, reservation_id, ticket_id, reservation_date, visit_date, adult_count, child_count, reservation_status) VALUES (266,266,2,'2024-03-22','2024-03-23',18,82,'PAYED');
INSERT INTO orders (order_id, order_num, member_id, order_date, reservation_status) VALUES (266,20240619000266,3,'2024-03-22','PAYED');
INSERT INTO order_ticket (order_ticket_id, adult_count, adult_price, child_count, child_price, visit_date, order_id, ticket_id, reservation_ticket_id) VALUES (266,18,30000,82,20000,'2024-03-23',266,2,266);
INSERT INTO reservation (reservation_id, member_id) VALUES (267,null);
INSERT INTO reservation_ticket (id, reservation_id, ticket_id, reservation_date, visit_date, adult_count, child_count, reservation_status) VALUES (267,267,1,'2024-03-23','2024-03-24',52,48,'PAYED');
INSERT INTO orders (order_id, order_num, member_id, order_date, reservation_status) VALUES (267,20240619000267,4,'2024-03-23','PAYED');
INSERT INTO order_ticket (order_ticket_id, adult_count, adult_price, child_count, child_price, visit_date, order_id, ticket_id, reservation_ticket_id) VALUES (267,52,30000,48,20000,'2024-03-24',267,1,267);
INSERT INTO reservation (reservation_id, member_id) VALUES (268,null);
INSERT INTO reservation_ticket (id, reservation_id, ticket_id, reservation_date, visit_date, adult_count, child_count, reservation_status) VALUES (268,268,2,'2024-03-24','2024-03-25',55,45,'PAYED');
INSERT INTO orders (order_id, order_num, member_id, order_date, reservation_status) VALUES (268,20240619000268,2,'2024-03-24','PAYED');
INSERT INTO order_ticket (order_ticket_id, adult_count, adult_price, child_count, child_price, visit_date, order_id, ticket_id, reservation_ticket_id) VALUES (268,55,30000,45,20000,'2024-03-25',268,2,268);
INSERT INTO reservation (reservation_id, member_id) VALUES (269,null);
INSERT INTO reservation_ticket (id, reservation_id, ticket_id, reservation_date, visit_date, adult_count, child_count, reservation_status) VALUES (269,269,1,'2024-03-25','2024-03-26',45,55,'PAYED');
INSERT INTO orders (order_id, order_num, member_id, order_date, reservation_status) VALUES (269,20240619000269,3,'2024-03-25','PAYED');
INSERT INTO order_ticket (order_ticket_id, adult_count, adult_price, child_count, child_price, visit_date, order_id, ticket_id, reservation_ticket_id) VALUES (269,45,30000,55,20000,'2024-03-26',269,1,269);
INSERT INTO reservation (reservation_id, member_id) VALUES (270,null);
INSERT INTO reservation_ticket (id, reservation_id, ticket_id, reservation_date, visit_date, adult_count, child_count, reservation_status) VALUES (270,270,2,'2024-03-26','2024-03-27',52,48,'PAYED');
INSERT INTO orders (order_id, order_num, member_id, order_date, reservation_status) VALUES (270,20240619000270,4,'2024-03-26','PAYED');
INSERT INTO order_ticket (order_ticket_id, adult_count, adult_price, child_count, child_price, visit_date, order_id, ticket_id, reservation_ticket_id) VALUES (270,52,30000,48,20000,'2024-03-27',270,2,270);
INSERT INTO reservation (reservation_id, member_id) VALUES (271,null);
INSERT INTO reservation_ticket (id, reservation_id, ticket_id, reservation_date, visit_date, adult_count, child_count, reservation_status) VALUES (271,271,1,'2024-03-27','2024-03-28',25,75,'PAYED');
INSERT INTO orders (order_id, order_num, member_id, order_date, reservation_status) VALUES (271,20240619000271,2,'2024-03-27','PAYED');
INSERT INTO order_ticket (order_ticket_id, adult_count, adult_price, child_count, child_price, visit_date, order_id, ticket_id, reservation_ticket_id) VALUES (271,25,30000,75,20000,'2024-03-28',271,1,271);
INSERT INTO reservation (reservation_id, member_id) VALUES (272,null);
INSERT INTO reservation_ticket (id, reservation_id, ticket_id, reservation_date, visit_date, adult_count, child_count, reservation_status) VALUES (272,272,2,'2024-03-28','2024-03-29',48,52,'PAYED');
INSERT INTO orders (order_id, order_num, member_id, order_date, reservation_status) VALUES (272,20240619000272,3,'2024-03-28','PAYED');
INSERT INTO order_ticket (order_ticket_id, adult_count, adult_price, child_count, child_price, visit_date, order_id, ticket_id, reservation_ticket_id) VALUES (272,48,30000,52,20000,'2024-03-29',272,2,272);
INSERT INTO reservation (reservation_id, member_id) VALUES (273,null);
INSERT INTO reservation_ticket (id, reservation_id, ticket_id, reservation_date, visit_date, adult_count, child_count, reservation_status) VALUES (273,273,1,'2024-03-29','2024-03-30',45,55,'PAYED');
INSERT INTO orders (order_id, order_num, member_id, order_date, reservation_status) VALUES (273,20240619000273,4,'2024-03-29','PAYED');
INSERT INTO order_ticket (order_ticket_id, adult_count, adult_price, child_count, child_price, visit_date, order_id, ticket_id, reservation_ticket_id) VALUES (273,45,30000,55,20000,'2024-03-30',273,1,273);
INSERT INTO reservation (reservation_id, member_id) VALUES (274,null);
INSERT INTO reservation_ticket (id, reservation_id, ticket_id, reservation_date, visit_date, adult_count, child_count, reservation_status) VALUES (274,274,2,'2024-03-30','2024-03-31',70,30,'PAYED');
INSERT INTO orders (order_id, order_num, member_id, order_date, reservation_status) VALUES (274,20240619000274,2,'2024-03-30','PAYED');
INSERT INTO order_ticket (order_ticket_id, adult_count, adult_price, child_count, child_price, visit_date, order_id, ticket_id, reservation_ticket_id) VALUES (274,70,30000,30,20000,'2024-03-31',274,2,274);
INSERT INTO reservation (reservation_id, member_id) VALUES (275,null);
INSERT INTO reservation_ticket (id, reservation_id, ticket_id, reservation_date, visit_date, adult_count, child_count, reservation_status) VALUES (275,275,1,'2024-03-31','2024-04-01',60,40,'PAYED');
INSERT INTO orders (order_id, order_num, member_id, order_date, reservation_status) VALUES (275,20240619000275,3,'2024-03-31','PAYED');
INSERT INTO order_ticket (order_ticket_id, adult_count, adult_price, child_count, child_price, visit_date, order_id, ticket_id, reservation_ticket_id) VALUES (275,60,30000,40,20000,'2024-04-01',275,1,275);
INSERT INTO reservation (reservation_id, member_id) VALUES (276,null);
INSERT INTO reservation_ticket (id, reservation_id, ticket_id, reservation_date, visit_date, adult_count, child_count, reservation_status) VALUES (276,276,2,'2024-04-01','2024-04-02',18,82,'PAYED');
INSERT INTO orders (order_id, order_num, member_id, order_date, reservation_status) VALUES (276,20240619000276,4,'2024-04-01','PAYED');
INSERT INTO order_ticket (order_ticket_id, adult_count, adult_price, child_count, child_price, visit_date, order_id, ticket_id, reservation_ticket_id) VALUES (276,18,30000,82,20000,'2024-04-02',276,2,276);
INSERT INTO reservation (reservation_id, member_id) VALUES (277,null);
INSERT INTO reservation_ticket (id, reservation_id, ticket_id, reservation_date, visit_date, adult_count, child_count, reservation_status) VALUES (277,277,1,'2024-04-02','2024-04-03',32,68,'PAYED');
INSERT INTO orders (order_id, order_num, member_id, order_date, reservation_status) VALUES (277,20240619000277,2,'2024-04-02','PAYED');
INSERT INTO order_ticket (order_ticket_id, adult_count, adult_price, child_count, child_price, visit_date, order_id, ticket_id, reservation_ticket_id) VALUES (277,32,30000,68,20000,'2024-04-03',277,1,277);
INSERT INTO reservation (reservation_id, member_id) VALUES (278,null);
INSERT INTO reservation_ticket (id, reservation_id, ticket_id, reservation_date, visit_date, adult_count, child_count, reservation_status) VALUES (278,278,2,'2024-04-03','2024-04-04',21,79,'PAYED');
INSERT INTO orders (order_id, order_num, member_id, order_date, reservation_status) VALUES (278,20240619000278,3,'2024-04-03','PAYED');
INSERT INTO order_ticket (order_ticket_id, adult_count, adult_price, child_count, child_price, visit_date, order_id, ticket_id, reservation_ticket_id) VALUES (278,21,30000,79,20000,'2024-04-04',278,2,278);
INSERT INTO reservation (reservation_id, member_id) VALUES (279,null);
INSERT INTO reservation_ticket (id, reservation_id, ticket_id, reservation_date, visit_date, adult_count, child_count, reservation_status) VALUES (279,279,1,'2024-04-04','2024-04-05',13,87,'PAYED');
INSERT INTO orders (order_id, order_num, member_id, order_date, reservation_status) VALUES (279,20240619000279,4,'2024-04-04','PAYED');
INSERT INTO order_ticket (order_ticket_id, adult_count, adult_price, child_count, child_price, visit_date, order_id, ticket_id, reservation_ticket_id) VALUES (279,13,30000,87,20000,'2024-04-05',279,1,279);
INSERT INTO reservation (reservation_id, member_id) VALUES (280,null);
INSERT INTO reservation_ticket (id, reservation_id, ticket_id, reservation_date, visit_date, adult_count, child_count, reservation_status) VALUES (280,280,2,'2024-04-05','2024-04-06',14,86,'PAYED');
INSERT INTO orders (order_id, order_num, member_id, order_date, reservation_status) VALUES (280,20240619000280,2,'2024-04-05','PAYED');
INSERT INTO order_ticket (order_ticket_id, adult_count, adult_price, child_count, child_price, visit_date, order_id, ticket_id, reservation_ticket_id) VALUES (280,14,30000,86,20000,'2024-04-06',280,2,280);
INSERT INTO reservation (reservation_id, member_id) VALUES (281,null);
INSERT INTO reservation_ticket (id, reservation_id, ticket_id, reservation_date, visit_date, adult_count, child_count, reservation_status) VALUES (281,281,1,'2024-04-06','2024-04-07',25,75,'PAYED');
INSERT INTO orders (order_id, order_num, member_id, order_date, reservation_status) VALUES (281,20240619000281,3,'2024-04-06','PAYED');
INSERT INTO order_ticket (order_ticket_id, adult_count, adult_price, child_count, child_price, visit_date, order_id, ticket_id, reservation_ticket_id) VALUES (281,25,30000,75,20000,'2024-04-07',281,1,281);
INSERT INTO reservation (reservation_id, member_id) VALUES (282,null);
INSERT INTO reservation_ticket (id, reservation_id, ticket_id, reservation_date, visit_date, adult_count, child_count, reservation_status) VALUES (282,282,2,'2024-04-07','2024-04-08',55,45,'PAYED');
INSERT INTO orders (order_id, order_num, member_id, order_date, reservation_status) VALUES (282,20240619000282,4,'2024-04-07','PAYED');
INSERT INTO order_ticket (order_ticket_id, adult_count, adult_price, child_count, child_price, visit_date, order_id, ticket_id, reservation_ticket_id) VALUES (282,55,30000,45,20000,'2024-04-08',282,2,282);
INSERT INTO reservation (reservation_id, member_id) VALUES (283,null);
INSERT INTO reservation_ticket (id, reservation_id, ticket_id, reservation_date, visit_date, adult_count, child_count, reservation_status) VALUES (283,283,1,'2024-04-08','2024-04-09',28,72,'PAYED');
INSERT INTO orders (order_id, order_num, member_id, order_date, reservation_status) VALUES (283,20240619000283,2,'2024-04-08','PAYED');
INSERT INTO order_ticket (order_ticket_id, adult_count, adult_price, child_count, child_price, visit_date, order_id, ticket_id, reservation_ticket_id) VALUES (283,28,30000,72,20000,'2024-04-09',283,1,283);
INSERT INTO reservation (reservation_id, member_id) VALUES (284,null);
INSERT INTO reservation_ticket (id, reservation_id, ticket_id, reservation_date, visit_date, adult_count, child_count, reservation_status) VALUES (284,284,2,'2024-04-09','2024-04-10',46,54,'PAYED');
INSERT INTO orders (order_id, order_num, member_id, order_date, reservation_status) VALUES (284,20240619000284,3,'2024-04-09','PAYED');
INSERT INTO order_ticket (order_ticket_id, adult_count, adult_price, child_count, child_price, visit_date, order_id, ticket_id, reservation_ticket_id) VALUES (284,46,30000,54,20000,'2024-04-10',284,2,284);
INSERT INTO reservation (reservation_id, member_id) VALUES (285,null);
INSERT INTO reservation_ticket (id, reservation_id, ticket_id, reservation_date, visit_date, adult_count, child_count, reservation_status) VALUES (285,285,1,'2024-04-10','2024-04-11',45,55,'PAYED');
INSERT INTO orders (order_id, order_num, member_id, order_date, reservation_status) VALUES (285,20240619000285,4,'2024-04-10','PAYED');
INSERT INTO order_ticket (order_ticket_id, adult_count, adult_price, child_count, child_price, visit_date, order_id, ticket_id, reservation_ticket_id) VALUES (285,45,30000,55,20000,'2024-04-11',285,1,285);
INSERT INTO reservation (reservation_id, member_id) VALUES (286,null);
INSERT INTO reservation_ticket (id, reservation_id, ticket_id, reservation_date, visit_date, adult_count, child_count, reservation_status) VALUES (286,286,2,'2024-04-11','2024-04-12',10,90,'PAYED');
INSERT INTO orders (order_id, order_num, member_id, order_date, reservation_status) VALUES (286,20240619000286,2,'2024-04-11','PAYED');
INSERT INTO order_ticket (order_ticket_id, adult_count, adult_price, child_count, child_price, visit_date, order_id, ticket_id, reservation_ticket_id) VALUES (286,10,30000,90,20000,'2024-04-12',286,2,286);
INSERT INTO reservation (reservation_id, member_id) VALUES (287,null);
INSERT INTO reservation_ticket (id, reservation_id, ticket_id, reservation_date, visit_date, adult_count, child_count, reservation_status) VALUES (287,287,1,'2024-04-12','2024-04-13',30,70,'PAYED');
INSERT INTO orders (order_id, order_num, member_id, order_date, reservation_status) VALUES (287,20240619000287,3,'2024-04-12','PAYED');
INSERT INTO order_ticket (order_ticket_id, adult_count, adult_price, child_count, child_price, visit_date, order_id, ticket_id, reservation_ticket_id) VALUES (287,30,30000,70,20000,'2024-04-13',287,1,287);
INSERT INTO reservation (reservation_id, member_id) VALUES (288,null);
INSERT INTO reservation_ticket (id, reservation_id, ticket_id, reservation_date, visit_date, adult_count, child_count, reservation_status) VALUES (288,288,2,'2024-04-13','2024-04-14',20,80,'PAYED');
INSERT INTO orders (order_id, order_num, member_id, order_date, reservation_status) VALUES (288,20240619000288,4,'2024-04-13','PAYED');
INSERT INTO order_ticket (order_ticket_id, adult_count, adult_price, child_count, child_price, visit_date, order_id, ticket_id, reservation_ticket_id) VALUES (288,20,30000,80,20000,'2024-04-14',288,2,288);
INSERT INTO reservation (reservation_id, member_id) VALUES (289,null);
INSERT INTO reservation_ticket (id, reservation_id, ticket_id, reservation_date, visit_date, adult_count, child_count, reservation_status) VALUES (289,289,1,'2024-04-14','2024-04-15',70,30,'PAYED');
INSERT INTO orders (order_id, order_num, member_id, order_date, reservation_status) VALUES (289,20240619000289,2,'2024-04-14','PAYED');
INSERT INTO order_ticket (order_ticket_id, adult_count, adult_price, child_count, child_price, visit_date, order_id, ticket_id, reservation_ticket_id) VALUES (289,70,30000,30,20000,'2024-04-15',289,1,289);
INSERT INTO reservation (reservation_id, member_id) VALUES (290,null);
INSERT INTO reservation_ticket (id, reservation_id, ticket_id, reservation_date, visit_date, adult_count, child_count, reservation_status) VALUES (290,290,2,'2024-04-15','2024-04-16',30,70,'PAYED');
INSERT INTO orders (order_id, order_num, member_id, order_date, reservation_status) VALUES (290,20240619000290,3,'2024-04-15','PAYED');
INSERT INTO order_ticket (order_ticket_id, adult_count, adult_price, child_count, child_price, visit_date, order_id, ticket_id, reservation_ticket_id) VALUES (290,30,30000,70,20000,'2024-04-16',290,2,290);
INSERT INTO reservation (reservation_id, member_id) VALUES (291,null);
INSERT INTO reservation_ticket (id, reservation_id, ticket_id, reservation_date, visit_date, adult_count, child_count, reservation_status) VALUES (291,291,1,'2024-04-16','2024-04-17',54,46,'PAYED');
INSERT INTO orders (order_id, order_num, member_id, order_date, reservation_status) VALUES (291,20240619000291,4,'2024-04-16','PAYED');
INSERT INTO order_ticket (order_ticket_id, adult_count, adult_price, child_count, child_price, visit_date, order_id, ticket_id, reservation_ticket_id) VALUES (291,54,30000,46,20000,'2024-04-17',291,1,291);
INSERT INTO reservation (reservation_id, member_id) VALUES (292,null);
INSERT INTO reservation_ticket (id, reservation_id, ticket_id, reservation_date, visit_date, adult_count, child_count, reservation_status) VALUES (292,292,2,'2024-04-17','2024-04-18',45,55,'PAYED');
INSERT INTO orders (order_id, order_num, member_id, order_date, reservation_status) VALUES (292,20240619000292,2,'2024-04-17','PAYED');
INSERT INTO order_ticket (order_ticket_id, adult_count, adult_price, child_count, child_price, visit_date, order_id, ticket_id, reservation_ticket_id) VALUES (292,45,30000,55,20000,'2024-04-18',292,2,292);
INSERT INTO reservation (reservation_id, member_id) VALUES (293,null);
INSERT INTO reservation_ticket (id, reservation_id, ticket_id, reservation_date, visit_date, adult_count, child_count, reservation_status) VALUES (293,293,1,'2024-04-18','2024-04-19',70,30,'PAYED');
INSERT INTO orders (order_id, order_num, member_id, order_date, reservation_status) VALUES (293,20240619000293,3,'2024-04-18','PAYED');
INSERT INTO order_ticket (order_ticket_id, adult_count, adult_price, child_count, child_price, visit_date, order_id, ticket_id, reservation_ticket_id) VALUES (293,70,30000,30,20000,'2024-04-19',293,1,293);
INSERT INTO reservation (reservation_id, member_id) VALUES (294,null);
INSERT INTO reservation_ticket (id, reservation_id, ticket_id, reservation_date, visit_date, adult_count, child_count, reservation_status) VALUES (294,294,2,'2024-04-19','2024-04-20',60,40,'PAYED');
INSERT INTO orders (order_id, order_num, member_id, order_date, reservation_status) VALUES (294,20240619000294,4,'2024-04-19','PAYED');
INSERT INTO order_ticket (order_ticket_id, adult_count, adult_price, child_count, child_price, visit_date, order_id, ticket_id, reservation_ticket_id) VALUES (294,60,30000,40,20000,'2024-04-20',294,2,294);
INSERT INTO reservation (reservation_id, member_id) VALUES (295,null);
INSERT INTO reservation_ticket (id, reservation_id, ticket_id, reservation_date, visit_date, adult_count, child_count, reservation_status) VALUES (295,295,1,'2024-04-20','2024-04-21',18,82,'PAYED');
INSERT INTO orders (order_id, order_num, member_id, order_date, reservation_status) VALUES (295,20240619000295,2,'2024-04-20','PAYED');
INSERT INTO order_ticket (order_ticket_id, adult_count, adult_price, child_count, child_price, visit_date, order_id, ticket_id, reservation_ticket_id) VALUES (295,18,30000,82,20000,'2024-04-21',295,1,295);
INSERT INTO reservation (reservation_id, member_id) VALUES (296,null);
INSERT INTO reservation_ticket (id, reservation_id, ticket_id, reservation_date, visit_date, adult_count, child_count, reservation_status) VALUES (296,296,2,'2024-04-21','2024-04-22',32,68,'PAYED');
INSERT INTO orders (order_id, order_num, member_id, order_date, reservation_status) VALUES (296,20240619000296,3,'2024-04-21','PAYED');
INSERT INTO order_ticket (order_ticket_id, adult_count, adult_price, child_count, child_price, visit_date, order_id, ticket_id, reservation_ticket_id) VALUES (296,32,30000,68,20000,'2024-04-22',296,2,296);
INSERT INTO reservation (reservation_id, member_id) VALUES (297,null);
INSERT INTO reservation_ticket (id, reservation_id, ticket_id, reservation_date, visit_date, adult_count, child_count, reservation_status) VALUES (297,297,1,'2024-04-22','2024-04-23',21,79,'PAYED');
INSERT INTO orders (order_id, order_num, member_id, order_date, reservation_status) VALUES (297,20240619000297,4,'2024-04-22','PAYED');
INSERT INTO order_ticket (order_ticket_id, adult_count, adult_price, child_count, child_price, visit_date, order_id, ticket_id, reservation_ticket_id) VALUES (297,21,30000,79,20000,'2024-04-23',297,1,297);
INSERT INTO reservation (reservation_id, member_id) VALUES (298,null);
INSERT INTO reservation_ticket (id, reservation_id, ticket_id, reservation_date, visit_date, adult_count, child_count, reservation_status) VALUES (298,298,2,'2024-04-23','2024-04-24',13,87,'PAYED');
INSERT INTO orders (order_id, order_num, member_id, order_date, reservation_status) VALUES (298,20240619000298,2,'2024-04-23','PAYED');
INSERT INTO order_ticket (order_ticket_id, adult_count, adult_price, child_count, child_price, visit_date, order_id, ticket_id, reservation_ticket_id) VALUES (298,13,30000,87,20000,'2024-04-24',298,2,298);
INSERT INTO reservation (reservation_id, member_id) VALUES (299,null);
INSERT INTO reservation_ticket (id, reservation_id, ticket_id, reservation_date, visit_date, adult_count, child_count, reservation_status) VALUES (299,299,1,'2024-04-24','2024-04-25',14,86,'PAYED');
INSERT INTO orders (order_id, order_num, member_id, order_date, reservation_status) VALUES (299,20240619000299,3,'2024-04-24','PAYED');
INSERT INTO order_ticket (order_ticket_id, adult_count, adult_price, child_count, child_price, visit_date, order_id, ticket_id, reservation_ticket_id) VALUES (299,14,30000,86,20000,'2024-04-25',299,1,299);
INSERT INTO reservation (reservation_id, member_id) VALUES (300,null);
INSERT INTO reservation_ticket (id, reservation_id, ticket_id, reservation_date, visit_date, adult_count, child_count, reservation_status) VALUES (300,300,2,'2024-04-25','2024-04-26',24,76,'PAYED');
INSERT INTO orders (order_id, order_num, member_id, order_date, reservation_status) VALUES (300,20240619000300,4,'2024-04-25','PAYED');
INSERT INTO order_ticket (order_ticket_id, adult_count, adult_price, child_count, child_price, visit_date, order_id, ticket_id, reservation_ticket_id) VALUES (300,24,30000,76,20000,'2024-04-26',300,2,300);
INSERT INTO reservation (reservation_id, member_id) VALUES (301,null);
INSERT INTO reservation_ticket (id, reservation_id, ticket_id, reservation_date, visit_date, adult_count, child_count, reservation_status) VALUES (301,301,1,'2024-04-26','2024-04-27',46,54,'PAYED');
INSERT INTO orders (order_id, order_num, member_id, order_date, reservation_status) VALUES (301,20240619000301,2,'2024-04-26','PAYED');
INSERT INTO order_ticket (order_ticket_id, adult_count, adult_price, child_count, child_price, visit_date, order_id, ticket_id, reservation_ticket_id) VALUES (301,46,30000,54,20000,'2024-04-27',301,1,301);
INSERT INTO reservation (reservation_id, member_id) VALUES (302,null);
INSERT INTO reservation_ticket (id, reservation_id, ticket_id, reservation_date, visit_date, adult_count, child_count, reservation_status) VALUES (302,302,2,'2024-04-27','2024-04-28',45,55,'PAYED');
INSERT INTO orders (order_id, order_num, member_id, order_date, reservation_status) VALUES (302,20240619000302,3,'2024-04-27','PAYED');
INSERT INTO order_ticket (order_ticket_id, adult_count, adult_price, child_count, child_price, visit_date, order_id, ticket_id, reservation_ticket_id) VALUES (302,45,30000,55,20000,'2024-04-28',302,2,302);
INSERT INTO reservation (reservation_id, member_id) VALUES (303,null);
INSERT INTO reservation_ticket (id, reservation_id, ticket_id, reservation_date, visit_date, adult_count, child_count, reservation_status) VALUES (303,303,1,'2024-04-28','2024-04-29',10,90,'PAYED');
INSERT INTO orders (order_id, order_num, member_id, order_date, reservation_status) VALUES (303,20240619000303,4,'2024-04-28','PAYED');
INSERT INTO order_ticket (order_ticket_id, adult_count, adult_price, child_count, child_price, visit_date, order_id, ticket_id, reservation_ticket_id) VALUES (303,10,30000,90,20000,'2024-04-29',303,1,303);
INSERT INTO reservation (reservation_id, member_id) VALUES (304,null);
INSERT INTO reservation_ticket (id, reservation_id, ticket_id, reservation_date, visit_date, adult_count, child_count, reservation_status) VALUES (304,304,2,'2024-04-29','2024-04-30',30,70,'PAYED');
INSERT INTO orders (order_id, order_num, member_id, order_date, reservation_status) VALUES (304,20240619000304,2,'2024-04-29','PAYED');
INSERT INTO order_ticket (order_ticket_id, adult_count, adult_price, child_count, child_price, visit_date, order_id, ticket_id, reservation_ticket_id) VALUES (304,30,30000,70,20000,'2024-04-30',304,2,304);
INSERT INTO reservation (reservation_id, member_id) VALUES (305,null);
INSERT INTO reservation_ticket (id, reservation_id, ticket_id, reservation_date, visit_date, adult_count, child_count, reservation_status) VALUES (305,305,1,'2024-04-30','2024-05-01',20,80,'PAYED');
INSERT INTO orders (order_id, order_num, member_id, order_date, reservation_status) VALUES (305,20240619000305,3,'2024-04-30','PAYED');
INSERT INTO order_ticket (order_ticket_id, adult_count, adult_price, child_count, child_price, visit_date, order_id, ticket_id, reservation_ticket_id) VALUES (305,20,30000,80,20000,'2024-05-01',305,1,305);
INSERT INTO reservation (reservation_id, member_id) VALUES (306,null);
INSERT INTO reservation_ticket (id, reservation_id, ticket_id, reservation_date, visit_date, adult_count, child_count, reservation_status) VALUES (306,306,2,'2024-05-01','2024-05-02',70,30,'PAYED');
INSERT INTO orders (order_id, order_num, member_id, order_date, reservation_status) VALUES (306,20240619000306,4,'2024-05-01','PAYED');
INSERT INTO order_ticket (order_ticket_id, adult_count, adult_price, child_count, child_price, visit_date, order_id, ticket_id, reservation_ticket_id) VALUES (306,70,30000,30,20000,'2024-05-02',306,2,306);
INSERT INTO reservation (reservation_id, member_id) VALUES (307,null);
INSERT INTO reservation_ticket (id, reservation_id, ticket_id, reservation_date, visit_date, adult_count, child_count, reservation_status) VALUES (307,307,1,'2024-05-02','2024-05-03',30,70,'PAYED');
INSERT INTO orders (order_id, order_num, member_id, order_date, reservation_status) VALUES (307,20240619000307,2,'2024-05-02','PAYED');
INSERT INTO order_ticket (order_ticket_id, adult_count, adult_price, child_count, child_price, visit_date, order_id, ticket_id, reservation_ticket_id) VALUES (307,30,30000,70,20000,'2024-05-03',307,1,307);
INSERT INTO reservation (reservation_id, member_id) VALUES (308,null);
INSERT INTO reservation_ticket (id, reservation_id, ticket_id, reservation_date, visit_date, adult_count, child_count, reservation_status) VALUES (308,308,2,'2024-05-03','2024-05-04',31,69,'PAYED');
INSERT INTO orders (order_id, order_num, member_id, order_date, reservation_status) VALUES (308,20240619000308,3,'2024-05-03','PAYED');
INSERT INTO order_ticket (order_ticket_id, adult_count, adult_price, child_count, child_price, visit_date, order_id, ticket_id, reservation_ticket_id) VALUES (308,31,30000,69,20000,'2024-05-04',308,2,308);
INSERT INTO reservation (reservation_id, member_id) VALUES (309,null);
INSERT INTO reservation_ticket (id, reservation_id, ticket_id, reservation_date, visit_date, adult_count, child_count, reservation_status) VALUES (309,309,1,'2024-05-04','2024-05-05',44,56,'PAYED');
INSERT INTO orders (order_id, order_num, member_id, order_date, reservation_status) VALUES (309,20240619000309,4,'2024-05-04','PAYED');
INSERT INTO order_ticket (order_ticket_id, adult_count, adult_price, child_count, child_price, visit_date, order_id, ticket_id, reservation_ticket_id) VALUES (309,44,30000,56,20000,'2024-05-05',309,1,309);
INSERT INTO reservation (reservation_id, member_id) VALUES (310,null);
INSERT INTO reservation_ticket (id, reservation_id, ticket_id, reservation_date, visit_date, adult_count, child_count, reservation_status) VALUES (310,310,2,'2024-05-05','2024-05-06',33,67,'PAYED');
INSERT INTO orders (order_id, order_num, member_id, order_date, reservation_status) VALUES (310,20240619000310,2,'2024-05-05','PAYED');
INSERT INTO order_ticket (order_ticket_id, adult_count, adult_price, child_count, child_price, visit_date, order_id, ticket_id, reservation_ticket_id) VALUES (310,33,30000,67,20000,'2024-05-06',310,2,310);
INSERT INTO reservation (reservation_id, member_id) VALUES (311,null);
INSERT INTO reservation_ticket (id, reservation_id, ticket_id, reservation_date, visit_date, adult_count, child_count, reservation_status) VALUES (311,311,1,'2024-05-06','2024-05-07',75,25,'PAYED');
INSERT INTO orders (order_id, order_num, member_id, order_date, reservation_status) VALUES (311,20240619000311,3,'2024-05-06','PAYED');
INSERT INTO order_ticket (order_ticket_id, adult_count, adult_price, child_count, child_price, visit_date, order_id, ticket_id, reservation_ticket_id) VALUES (311,75,30000,25,20000,'2024-05-07',311,1,311);
INSERT INTO reservation (reservation_id, member_id) VALUES (312,null);
INSERT INTO reservation_ticket (id, reservation_id, ticket_id, reservation_date, visit_date, adult_count, child_count, reservation_status) VALUES (312,312,2,'2024-05-07','2024-05-08',45,55,'PAYED');
INSERT INTO orders (order_id, order_num, member_id, order_date, reservation_status) VALUES (312,20240619000312,4,'2024-05-07','PAYED');
INSERT INTO order_ticket (order_ticket_id, adult_count, adult_price, child_count, child_price, visit_date, order_id, ticket_id, reservation_ticket_id) VALUES (312,45,30000,55,20000,'2024-05-08',312,2,312);
INSERT INTO reservation (reservation_id, member_id) VALUES (313,null);
INSERT INTO reservation_ticket (id, reservation_id, ticket_id, reservation_date, visit_date, adult_count, child_count, reservation_status) VALUES (313,313,1,'2024-05-08','2024-05-09',52,48,'PAYED');
INSERT INTO orders (order_id, order_num, member_id, order_date, reservation_status) VALUES (313,20240619000313,2,'2024-05-08','PAYED');
INSERT INTO order_ticket (order_ticket_id, adult_count, adult_price, child_count, child_price, visit_date, order_id, ticket_id, reservation_ticket_id) VALUES (313,52,30000,48,20000,'2024-05-09',313,1,313);
INSERT INTO reservation (reservation_id, member_id) VALUES (314,null);
INSERT INTO reservation_ticket (id, reservation_id, ticket_id, reservation_date, visit_date, adult_count, child_count, reservation_status) VALUES (314,314,2,'2024-05-09','2024-05-10',24,76,'PAYED');
INSERT INTO orders (order_id, order_num, member_id, order_date, reservation_status) VALUES (314,20240619000314,3,'2024-05-09','PAYED');
INSERT INTO order_ticket (order_ticket_id, adult_count, adult_price, child_count, child_price, visit_date, order_id, ticket_id, reservation_ticket_id) VALUES (314,24,30000,76,20000,'2024-05-10',314,2,314);
INSERT INTO reservation (reservation_id, member_id) VALUES (315,null);
INSERT INTO reservation_ticket (id, reservation_id, ticket_id, reservation_date, visit_date, adult_count, child_count, reservation_status) VALUES (315,315,1,'2024-05-10','2024-05-11',94,6,'PAYED');
INSERT INTO orders (order_id, order_num, member_id, order_date, reservation_status) VALUES (315,20240619000315,4,'2024-05-10','PAYED');
INSERT INTO order_ticket (order_ticket_id, adult_count, adult_price, child_count, child_price, visit_date, order_id, ticket_id, reservation_ticket_id) VALUES (315,94,30000,6,20000,'2024-05-11',315,1,315);
INSERT INTO reservation (reservation_id, member_id) VALUES (316,null);
INSERT INTO reservation_ticket (id, reservation_id, ticket_id, reservation_date, visit_date, adult_count, child_count, reservation_status) VALUES (316,316,2,'2024-05-11','2024-05-12',56,44,'PAYED');
INSERT INTO orders (order_id, order_num, member_id, order_date, reservation_status) VALUES (316,20240619000316,2,'2024-05-11','PAYED');
INSERT INTO order_ticket (order_ticket_id, adult_count, adult_price, child_count, child_price, visit_date, order_id, ticket_id, reservation_ticket_id) VALUES (316,56,30000,44,20000,'2024-05-12',316,2,316);
INSERT INTO reservation (reservation_id, member_id) VALUES (317,null);
INSERT INTO reservation_ticket (id, reservation_id, ticket_id, reservation_date, visit_date, adult_count, child_count, reservation_status) VALUES (317,317,1,'2024-05-12','2024-05-13',67,33,'PAYED');
INSERT INTO orders (order_id, order_num, member_id, order_date, reservation_status) VALUES (317,20240619000317,3,'2024-05-12','PAYED');
INSERT INTO order_ticket (order_ticket_id, adult_count, adult_price, child_count, child_price, visit_date, order_id, ticket_id, reservation_ticket_id) VALUES (317,67,30000,33,20000,'2024-05-13',317,1,317);
INSERT INTO reservation (reservation_id, member_id) VALUES (318,null);
INSERT INTO reservation_ticket (id, reservation_id, ticket_id, reservation_date, visit_date, adult_count, child_count, reservation_status) VALUES (318,318,2,'2024-05-13','2024-05-14',25,75,'PAYED');
INSERT INTO orders (order_id, order_num, member_id, order_date, reservation_status) VALUES (318,20240619000318,4,'2024-05-13','PAYED');
INSERT INTO order_ticket (order_ticket_id, adult_count, adult_price, child_count, child_price, visit_date, order_id, ticket_id, reservation_ticket_id) VALUES (318,25,30000,75,20000,'2024-05-14',318,2,318);
INSERT INTO reservation (reservation_id, member_id) VALUES (319,null);
INSERT INTO reservation_ticket (id, reservation_id, ticket_id, reservation_date, visit_date, adult_count, child_count, reservation_status) VALUES (319,319,1,'2024-05-14','2024-05-15',55,45,'PAYED');
INSERT INTO orders (order_id, order_num, member_id, order_date, reservation_status) VALUES (319,20240619000319,2,'2024-05-14','PAYED');
INSERT INTO order_ticket (order_ticket_id, adult_count, adult_price, child_count, child_price, visit_date, order_id, ticket_id, reservation_ticket_id) VALUES (319,55,30000,45,20000,'2024-05-15',319,1,319);
INSERT INTO reservation (reservation_id, member_id) VALUES (320,null);
INSERT INTO reservation_ticket (id, reservation_id, ticket_id, reservation_date, visit_date, adult_count, child_count, reservation_status) VALUES (320,320,2,'2024-05-15','2024-05-16',45,55,'PAYED');
INSERT INTO orders (order_id, order_num, member_id, order_date, reservation_status) VALUES (320,20240619000320,3,'2024-05-15','PAYED');
INSERT INTO order_ticket (order_ticket_id, adult_count, adult_price, child_count, child_price, visit_date, order_id, ticket_id, reservation_ticket_id) VALUES (320,45,30000,55,20000,'2024-05-16',320,2,320);
INSERT INTO reservation (reservation_id, member_id) VALUES (321,null);
INSERT INTO reservation_ticket (id, reservation_id, ticket_id, reservation_date, visit_date, adult_count, child_count, reservation_status) VALUES (321,321,1,'2024-05-16','2024-05-17',52,48,'PAYED');
INSERT INTO orders (order_id, order_num, member_id, order_date, reservation_status) VALUES (321,20240619000321,4,'2024-05-16','PAYED');
INSERT INTO order_ticket (order_ticket_id, adult_count, adult_price, child_count, child_price, visit_date, order_id, ticket_id, reservation_ticket_id) VALUES (321,52,30000,48,20000,'2024-05-17',321,1,321);
INSERT INTO reservation (reservation_id, member_id) VALUES (322,null);
INSERT INTO reservation_ticket (id, reservation_id, ticket_id, reservation_date, visit_date, adult_count, child_count, reservation_status) VALUES (322,322,2,'2024-05-17','2024-05-18',25,75,'PAYED');
INSERT INTO orders (order_id, order_num, member_id, order_date, reservation_status) VALUES (322,20240619000322,2,'2024-05-17','PAYED');
INSERT INTO order_ticket (order_ticket_id, adult_count, adult_price, child_count, child_price, visit_date, order_id, ticket_id, reservation_ticket_id) VALUES (322,25,30000,75,20000,'2024-05-18',322,2,322);
INSERT INTO reservation (reservation_id, member_id) VALUES (323,null);
INSERT INTO reservation_ticket (id, reservation_id, ticket_id, reservation_date, visit_date, adult_count, child_count, reservation_status) VALUES (323,323,1,'2024-05-18','2024-05-19',48,52,'PAYED');
INSERT INTO orders (order_id, order_num, member_id, order_date, reservation_status) VALUES (323,20240619000323,3,'2024-05-18','PAYED');
INSERT INTO order_ticket (order_ticket_id, adult_count, adult_price, child_count, child_price, visit_date, order_id, ticket_id, reservation_ticket_id) VALUES (323,48,30000,52,20000,'2024-05-19',323,1,323);
INSERT INTO reservation (reservation_id, member_id) VALUES (324,null);
INSERT INTO reservation_ticket (id, reservation_id, ticket_id, reservation_date, visit_date, adult_count, child_count, reservation_status) VALUES (324,324,2,'2024-05-19','2024-05-20',45,55,'PAYED');
INSERT INTO orders (order_id, order_num, member_id, order_date, reservation_status) VALUES (324,20240619000324,4,'2024-05-19','PAYED');
INSERT INTO order_ticket (order_ticket_id, adult_count, adult_price, child_count, child_price, visit_date, order_id, ticket_id, reservation_ticket_id) VALUES (324,45,30000,55,20000,'2024-05-20',324,2,324);
INSERT INTO reservation (reservation_id, member_id) VALUES (325,null);
INSERT INTO reservation_ticket (id, reservation_id, ticket_id, reservation_date, visit_date, adult_count, child_count, reservation_status) VALUES (325,325,1,'2024-05-20','2024-05-21',70,30,'PAYED');
INSERT INTO orders (order_id, order_num, member_id, order_date, reservation_status) VALUES (325,20240619000325,2,'2024-05-20','PAYED');
INSERT INTO order_ticket (order_ticket_id, adult_count, adult_price, child_count, child_price, visit_date, order_id, ticket_id, reservation_ticket_id) VALUES (325,70,30000,30,20000,'2024-05-21',325,1,325);
INSERT INTO reservation (reservation_id, member_id) VALUES (326,null);
INSERT INTO reservation_ticket (id, reservation_id, ticket_id, reservation_date, visit_date, adult_count, child_count, reservation_status) VALUES (326,326,2,'2024-05-21','2024-05-22',60,40,'PAYED');
INSERT INTO orders (order_id, order_num, member_id, order_date, reservation_status) VALUES (326,20240619000326,3,'2024-05-21','PAYED');
INSERT INTO order_ticket (order_ticket_id, adult_count, adult_price, child_count, child_price, visit_date, order_id, ticket_id, reservation_ticket_id) VALUES (326,60,30000,40,20000,'2024-05-22',326,2,326);
INSERT INTO reservation (reservation_id, member_id) VALUES (327,null);
INSERT INTO reservation_ticket (id, reservation_id, ticket_id, reservation_date, visit_date, adult_count, child_count, reservation_status) VALUES (327,327,1,'2024-05-22','2024-05-23',18,82,'PAYED');
INSERT INTO orders (order_id, order_num, member_id, order_date, reservation_status) VALUES (327,20240619000327,4,'2024-05-22','PAYED');
INSERT INTO order_ticket (order_ticket_id, adult_count, adult_price, child_count, child_price, visit_date, order_id, ticket_id, reservation_ticket_id) VALUES (327,18,30000,82,20000,'2024-05-23',327,1,327);
INSERT INTO reservation (reservation_id, member_id) VALUES (328,null);
INSERT INTO reservation_ticket (id, reservation_id, ticket_id, reservation_date, visit_date, adult_count, child_count, reservation_status) VALUES (328,328,2,'2024-05-23','2024-05-24',32,68,'PAYED');
INSERT INTO orders (order_id, order_num, member_id, order_date, reservation_status) VALUES (328,20240619000328,2,'2024-05-23','PAYED');
INSERT INTO order_ticket (order_ticket_id, adult_count, adult_price, child_count, child_price, visit_date, order_id, ticket_id, reservation_ticket_id) VALUES (328,32,30000,68,20000,'2024-05-24',328,2,328);
INSERT INTO reservation (reservation_id, member_id) VALUES (329,null);
INSERT INTO reservation_ticket (id, reservation_id, ticket_id, reservation_date, visit_date, adult_count, child_count, reservation_status) VALUES (329,329,1,'2024-05-24','2024-05-25',21,79,'PAYED');
INSERT INTO orders (order_id, order_num, member_id, order_date, reservation_status) VALUES (329,20240619000329,3,'2024-05-24','PAYED');
INSERT INTO order_ticket (order_ticket_id, adult_count, adult_price, child_count, child_price, visit_date, order_id, ticket_id, reservation_ticket_id) VALUES (329,21,30000,79,20000,'2024-05-25',329,1,329);
INSERT INTO reservation (reservation_id, member_id) VALUES (330,null);
INSERT INTO reservation_ticket (id, reservation_id, ticket_id, reservation_date, visit_date, adult_count, child_count, reservation_status) VALUES (330,330,2,'2024-05-25','2024-05-26',13,87,'PAYED');
INSERT INTO orders (order_id, order_num, member_id, order_date, reservation_status) VALUES (330,20240619000330,4,'2024-05-25','PAYED');
INSERT INTO order_ticket (order_ticket_id, adult_count, adult_price, child_count, child_price, visit_date, order_id, ticket_id, reservation_ticket_id) VALUES (330,13,30000,87,20000,'2024-05-26',330,2,330);
INSERT INTO reservation (reservation_id, member_id) VALUES (331,null);
INSERT INTO reservation_ticket (id, reservation_id, ticket_id, reservation_date, visit_date, adult_count, child_count, reservation_status) VALUES (331,331,1,'2024-05-26','2024-05-27',14,86,'PAYED');
INSERT INTO orders (order_id, order_num, member_id, order_date, reservation_status) VALUES (331,20240619000331,2,'2024-05-26','PAYED');
INSERT INTO order_ticket (order_ticket_id, adult_count, adult_price, child_count, child_price, visit_date, order_id, ticket_id, reservation_ticket_id) VALUES (331,14,30000,86,20000,'2024-05-27',331,1,331);
INSERT INTO reservation (reservation_id, member_id) VALUES (332,null);
INSERT INTO reservation_ticket (id, reservation_id, ticket_id, reservation_date, visit_date, adult_count, child_count, reservation_status) VALUES (332,332,2,'2024-05-27','2024-05-28',24,76,'PAYED');
INSERT INTO orders (order_id, order_num, member_id, order_date, reservation_status) VALUES (332,20240619000332,3,'2024-05-27','PAYED');
INSERT INTO order_ticket (order_ticket_id, adult_count, adult_price, child_count, child_price, visit_date, order_id, ticket_id, reservation_ticket_id) VALUES (332,24,30000,76,20000,'2024-05-28',332,2,332);
INSERT INTO reservation (reservation_id, member_id) VALUES (333,null);
INSERT INTO reservation_ticket (id, reservation_id, ticket_id, reservation_date, visit_date, adult_count, child_count, reservation_status) VALUES (333,333,1,'2024-05-28','2024-05-29',77,23,'PAYED');
INSERT INTO orders (order_id, order_num, member_id, order_date, reservation_status) VALUES (333,20240619000333,4,'2024-05-28','PAYED');
INSERT INTO order_ticket (order_ticket_id, adult_count, adult_price, child_count, child_price, visit_date, order_id, ticket_id, reservation_ticket_id) VALUES (333,77,30000,23,20000,'2024-05-29',333,1,333);
INSERT INTO reservation (reservation_id, member_id) VALUES (334,null);
INSERT INTO reservation_ticket (id, reservation_id, ticket_id, reservation_date, visit_date, adult_count, child_count, reservation_status) VALUES (334,334,2,'2024-05-29','2024-05-30',66,34,'PAYED');
INSERT INTO orders (order_id, order_num, member_id, order_date, reservation_status) VALUES (334,20240619000334,2,'2024-05-29','PAYED');
INSERT INTO order_ticket (order_ticket_id, adult_count, adult_price, child_count, child_price, visit_date, order_id, ticket_id, reservation_ticket_id) VALUES (334,66,30000,34,20000,'2024-05-30',334,2,334);
INSERT INTO reservation (reservation_id, member_id) VALUES (335,null);
INSERT INTO reservation_ticket (id, reservation_id, ticket_id, reservation_date, visit_date, adult_count, child_count, reservation_status) VALUES (335,335,1,'2024-05-30','2024-05-31',55,45,'PAYED');
INSERT INTO orders (order_id, order_num, member_id, order_date, reservation_status) VALUES (335,20240619000335,3,'2024-05-30','PAYED');
INSERT INTO order_ticket (order_ticket_id, adult_count, adult_price, child_count, child_price, visit_date, order_id, ticket_id, reservation_ticket_id) VALUES (335,55,30000,45,20000,'2024-05-31',335,1,335);
INSERT INTO reservation (reservation_id, member_id) VALUES (336,null);
INSERT INTO reservation_ticket (id, reservation_id, ticket_id, reservation_date, visit_date, adult_count, child_count, reservation_status) VALUES (336,336,2,'2024-05-31','2024-06-01',44,56,'PAYED');
INSERT INTO orders (order_id, order_num, member_id, order_date, reservation_status) VALUES (336,20240619000336,4,'2024-05-31','PAYED');
INSERT INTO order_ticket (order_ticket_id, adult_count, adult_price, child_count, child_price, visit_date, order_id, ticket_id, reservation_ticket_id) VALUES (336,44,30000,56,20000,'2024-06-01',336,2,336);
INSERT INTO reservation (reservation_id, member_id) VALUES (337,null);
INSERT INTO reservation_ticket (id, reservation_id, ticket_id, reservation_date, visit_date, adult_count, child_count, reservation_status) VALUES (337,337,1,'2024-06-01','2024-06-02',33,67,'PAYED');
INSERT INTO orders (order_id, order_num, member_id, order_date, reservation_status) VALUES (337,20240619000337,2,'2024-06-01','PAYED');
INSERT INTO order_ticket (order_ticket_id, adult_count, adult_price, child_count, child_price, visit_date, order_id, ticket_id, reservation_ticket_id) VALUES (337,33,30000,67,20000,'2024-06-02',337,1,337);
INSERT INTO reservation (reservation_id, member_id) VALUES (338,null);
INSERT INTO reservation_ticket (id, reservation_id, ticket_id, reservation_date, visit_date, adult_count, child_count, reservation_status) VALUES (338,338,2,'2024-06-02','2024-06-03',22,78,'PAYED');
INSERT INTO orders (order_id, order_num, member_id, order_date, reservation_status) VALUES (338,20240619000338,3,'2024-06-02','PAYED');
INSERT INTO order_ticket (order_ticket_id, adult_count, adult_price, child_count, child_price, visit_date, order_id, ticket_id, reservation_ticket_id) VALUES (338,22,30000,78,20000,'2024-06-03',338,2,338);
INSERT INTO reservation (reservation_id, member_id) VALUES (339,null);
INSERT INTO reservation_ticket (id, reservation_id, ticket_id, reservation_date, visit_date, adult_count, child_count, reservation_status) VALUES (339,339,1,'2024-06-03','2024-06-04',11,89,'PAYED');
INSERT INTO orders (order_id, order_num, member_id, order_date, reservation_status) VALUES (339,20240619000339,4,'2024-06-03','PAYED');
INSERT INTO order_ticket (order_ticket_id, adult_count, adult_price, child_count, child_price, visit_date, order_id, ticket_id, reservation_ticket_id) VALUES (339,11,30000,89,20000,'2024-06-04',339,1,339);
INSERT INTO reservation (reservation_id, member_id) VALUES (340,null);
INSERT INTO reservation_ticket (id, reservation_id, ticket_id, reservation_date, visit_date, adult_count, child_count, reservation_status) VALUES (340,340,2,'2024-06-04','2024-06-05',31,69,'PAYED');
INSERT INTO orders (order_id, order_num, member_id, order_date, reservation_status) VALUES (340,20240619000340,2,'2024-06-04','PAYED');
INSERT INTO order_ticket (order_ticket_id, adult_count, adult_price, child_count, child_price, visit_date, order_id, ticket_id, reservation_ticket_id) VALUES (340,31,30000,69,20000,'2024-06-05',340,2,340);
INSERT INTO reservation (reservation_id, member_id) VALUES (341,null);
INSERT INTO reservation_ticket (id, reservation_id, ticket_id, reservation_date, visit_date, adult_count, child_count, reservation_status) VALUES (341,341,1,'2024-06-05','2024-06-06',42,58,'PAYED');
INSERT INTO orders (order_id, order_num, member_id, order_date, reservation_status) VALUES (341,20240619000341,3,'2024-06-05','PAYED');
INSERT INTO order_ticket (order_ticket_id, adult_count, adult_price, child_count, child_price, visit_date, order_id, ticket_id, reservation_ticket_id) VALUES (341,42,30000,58,20000,'2024-06-06',341,1,341);
INSERT INTO reservation (reservation_id, member_id) VALUES (342,null);
INSERT INTO reservation_ticket (id, reservation_id, ticket_id, reservation_date, visit_date, adult_count, child_count, reservation_status) VALUES (342,342,2,'2024-06-06','2024-06-07',78,22,'PAYED');
INSERT INTO orders (order_id, order_num, member_id, order_date, reservation_status) VALUES (342,20240619000342,4,'2024-06-06','PAYED');
INSERT INTO order_ticket (order_ticket_id, adult_count, adult_price, child_count, child_price, visit_date, order_id, ticket_id, reservation_ticket_id) VALUES (342,78,30000,22,20000,'2024-06-07',342,2,342);
INSERT INTO reservation (reservation_id, member_id) VALUES (343,null);
INSERT INTO reservation_ticket (id, reservation_id, ticket_id, reservation_date, visit_date, adult_count, child_count, reservation_status) VALUES (343,343,1,'2024-06-07','2024-06-08',25,75,'PAYED');
INSERT INTO orders (order_id, order_num, member_id, order_date, reservation_status) VALUES (343,20240619000343,2,'2024-06-07','PAYED');
INSERT INTO order_ticket (order_ticket_id, adult_count, adult_price, child_count, child_price, visit_date, order_id, ticket_id, reservation_ticket_id) VALUES (343,25,30000,75,20000,'2024-06-08',343,1,343);
INSERT INTO reservation (reservation_id, member_id) VALUES (344,null);
INSERT INTO reservation_ticket (id, reservation_id, ticket_id, reservation_date, visit_date, adult_count, child_count, reservation_status) VALUES (344,344,2,'2024-06-08','2024-06-09',48,52,'PAYED');
INSERT INTO orders (order_id, order_num, member_id, order_date, reservation_status) VALUES (344,20240619000344,3,'2024-06-08','PAYED');
INSERT INTO order_ticket (order_ticket_id, adult_count, adult_price, child_count, child_price, visit_date, order_id, ticket_id, reservation_ticket_id) VALUES (344,48,30000,52,20000,'2024-06-09',344,2,344);
INSERT INTO reservation (reservation_id, member_id) VALUES (345,null);
INSERT INTO reservation_ticket (id, reservation_id, ticket_id, reservation_date, visit_date, adult_count, child_count, reservation_status) VALUES (345,345,1,'2024-06-09','2024-06-10',31,69,'PAYED');
INSERT INTO orders (order_id, order_num, member_id, order_date, reservation_status) VALUES (345,20240619000345,4,'2024-06-09','PAYED');
INSERT INTO order_ticket (order_ticket_id, adult_count, adult_price, child_count, child_price, visit_date, order_id, ticket_id, reservation_ticket_id) VALUES (345,31,30000,69,20000,'2024-06-10',345,1,345);
INSERT INTO reservation (reservation_id, member_id) VALUES (346,null);
INSERT INTO reservation_ticket (id, reservation_id, ticket_id, reservation_date, visit_date, adult_count, child_count, reservation_status) VALUES (346,346,2,'2024-06-10','2024-06-11',44,56,'PAYED');
INSERT INTO orders (order_id, order_num, member_id, order_date, reservation_status) VALUES (346,20240619000346,2,'2024-06-10','PAYED');
INSERT INTO order_ticket (order_ticket_id, adult_count, adult_price, child_count, child_price, visit_date, order_id, ticket_id, reservation_ticket_id) VALUES (346,44,30000,56,20000,'2024-06-11',346,2,346);
INSERT INTO reservation (reservation_id, member_id) VALUES (347,null);
INSERT INTO reservation_ticket (id, reservation_id, ticket_id, reservation_date, visit_date, adult_count, child_count, reservation_status) VALUES (347,347,1,'2024-06-11','2024-06-12',33,67,'PAYED');
INSERT INTO orders (order_id, order_num, member_id, order_date, reservation_status) VALUES (347,20240619000347,3,'2024-06-11','PAYED');
INSERT INTO order_ticket (order_ticket_id, adult_count, adult_price, child_count, child_price, visit_date, order_id, ticket_id, reservation_ticket_id) VALUES (347,33,30000,67,20000,'2024-06-12',347,1,347);
INSERT INTO reservation (reservation_id, member_id) VALUES (348,null);
INSERT INTO reservation_ticket (id, reservation_id, ticket_id, reservation_date, visit_date, adult_count, child_count, reservation_status) VALUES (348,348,2,'2024-06-12','2024-06-13',75,25,'PAYED');
INSERT INTO orders (order_id, order_num, member_id, order_date, reservation_status) VALUES (348,20240619000348,4,'2024-06-12','PAYED');
INSERT INTO order_ticket (order_ticket_id, adult_count, adult_price, child_count, child_price, visit_date, order_id, ticket_id, reservation_ticket_id) VALUES (348,75,30000,25,20000,'2024-06-13',348,2,348);
INSERT INTO reservation (reservation_id, member_id) VALUES (349,null);
INSERT INTO reservation_ticket (id, reservation_id, ticket_id, reservation_date, visit_date, adult_count, child_count, reservation_status) VALUES (349,349,1,'2024-06-13','2024-06-14',45,55,'PAYED');
INSERT INTO orders (order_id, order_num, member_id, order_date, reservation_status) VALUES (349,20240619000349,2,'2024-06-13','PAYED');
INSERT INTO order_ticket (order_ticket_id, adult_count, adult_price, child_count, child_price, visit_date, order_id, ticket_id, reservation_ticket_id) VALUES (349,45,30000,55,20000,'2024-06-14',349,1,349);
INSERT INTO reservation (reservation_id, member_id) VALUES (350,null);
INSERT INTO reservation_ticket (id, reservation_id, ticket_id, reservation_date, visit_date, adult_count, child_count, reservation_status) VALUES (350,350,2,'2024-06-14','2024-06-15',52,48,'PAYED');
INSERT INTO orders (order_id, order_num, member_id, order_date, reservation_status) VALUES (350,20240619000350,3,'2024-06-14','PAYED');
INSERT INTO order_ticket (order_ticket_id, adult_count, adult_price, child_count, child_price, visit_date, order_id, ticket_id, reservation_ticket_id) VALUES (350,52,30000,48,20000,'2024-06-15',350,2,350);
INSERT INTO reservation (reservation_id, member_id) VALUES (351,null);
INSERT INTO reservation_ticket (id, reservation_id, ticket_id, reservation_date, visit_date, adult_count, child_count, reservation_status) VALUES (351,351,1,'2024-06-15','2024-06-16',24,76,'PAYED');
INSERT INTO orders (order_id, order_num, member_id, order_date, reservation_status) VALUES (351,20240619000351,4,'2024-06-15','PAYED');
INSERT INTO order_ticket (order_ticket_id, adult_count, adult_price, child_count, child_price, visit_date, order_id, ticket_id, reservation_ticket_id) VALUES (351,24,30000,76,20000,'2024-06-16',351,1,351);
INSERT INTO reservation (reservation_id, member_id) VALUES (352,null);
INSERT INTO reservation_ticket (id, reservation_id, ticket_id, reservation_date, visit_date, adult_count, child_count, reservation_status) VALUES (352,352,2,'2024-06-16','2024-06-17',94,6,'PAYED');
INSERT INTO orders (order_id, order_num, member_id, order_date, reservation_status) VALUES (352,20240619000352,2,'2024-06-16','PAYED');
INSERT INTO order_ticket (order_ticket_id, adult_count, adult_price, child_count, child_price, visit_date, order_id, ticket_id, reservation_ticket_id) VALUES (352,94,30000,6,20000,'2024-06-17',352,2,352);
INSERT INTO reservation (reservation_id, member_id) VALUES (353,null);
INSERT INTO reservation_ticket (id, reservation_id, ticket_id, reservation_date, visit_date, adult_count, child_count, reservation_status) VALUES (353,353,1,'2024-06-17','2024-06-18',56,44,'PAYED');
INSERT INTO orders (order_id, order_num, member_id, order_date, reservation_status) VALUES (353,20240619000353,3,'2024-06-17','PAYED');
INSERT INTO order_ticket (order_ticket_id, adult_count, adult_price, child_count, child_price, visit_date, order_id, ticket_id, reservation_ticket_id) VALUES (353,56,30000,44,20000,'2024-06-18',353,1,353);
INSERT INTO reservation (reservation_id, member_id) VALUES (354,null);
INSERT INTO reservation_ticket (id, reservation_id, ticket_id, reservation_date, visit_date, adult_count, child_count, reservation_status) VALUES (354,354,2,'2024-06-18','2024-06-19',67,33,'PAYED');
INSERT INTO orders (order_id, order_num, member_id, order_date, reservation_status) VALUES (354,20240619000354,4,'2024-06-18','PAYED');
INSERT INTO order_ticket (order_ticket_id, adult_count, adult_price, child_count, child_price, visit_date, order_id, ticket_id, reservation_ticket_id) VALUES (354,67,30000,33,20000,'2024-06-19',354,2,354);
INSERT INTO reservation (reservation_id, member_id) VALUES (355,null);
INSERT INTO reservation_ticket (id, reservation_id, ticket_id, reservation_date, visit_date, adult_count, child_count, reservation_status) VALUES (355,355,1,'2024-06-19','2024-06-20',25,75,'PAYED');
INSERT INTO orders (order_id, order_num, member_id, order_date, reservation_status) VALUES (355,20240619000355,2,'2024-06-19','PAYED');
INSERT INTO order_ticket (order_ticket_id, adult_count, adult_price, child_count, child_price, visit_date, order_id, ticket_id, reservation_ticket_id) VALUES (355,25,30000,75,20000,'2024-06-20',355,1,355);
INSERT INTO reservation (reservation_id, member_id) VALUES (356,null);
INSERT INTO reservation_ticket (id, reservation_id, ticket_id, reservation_date, visit_date, adult_count, child_count, reservation_status) VALUES (356,356,2,'2024-06-20','2024-06-21',55,45,'PAYED');
INSERT INTO orders (order_id, order_num, member_id, order_date, reservation_status) VALUES (356,20240619000356,3,'2024-06-20','PAYED');
INSERT INTO order_ticket (order_ticket_id, adult_count, adult_price, child_count, child_price, visit_date, order_id, ticket_id, reservation_ticket_id) VALUES (356,55,30000,45,20000,'2024-06-21',356,2,356);
INSERT INTO reservation (reservation_id, member_id) VALUES (357,null);
INSERT INTO reservation_ticket (id, reservation_id, ticket_id, reservation_date, visit_date, adult_count, child_count, reservation_status) VALUES (357,357,1,'2024-06-21','2024-06-22',28,72,'PAYED');
INSERT INTO orders (order_id, order_num, member_id, order_date, reservation_status) VALUES (357,20240619000357,4,'2024-06-21','PAYED');
INSERT INTO order_ticket (order_ticket_id, adult_count, adult_price, child_count, child_price, visit_date, order_id, ticket_id, reservation_ticket_id) VALUES (357,28,30000,72,20000,'2024-06-22',357,1,357);
INSERT INTO reservation (reservation_id, member_id) VALUES (358,null);
INSERT INTO reservation_ticket (id, reservation_id, ticket_id, reservation_date, visit_date, adult_count, child_count, reservation_status) VALUES (358,358,2,'2024-06-22','2024-06-23',46,54,'PAYED');
INSERT INTO orders (order_id, order_num, member_id, order_date, reservation_status) VALUES (358,20240619000358,2,'2024-06-22','PAYED');
INSERT INTO order_ticket (order_ticket_id, adult_count, adult_price, child_count, child_price, visit_date, order_id, ticket_id, reservation_ticket_id) VALUES (358,46,30000,54,20000,'2024-06-23',358,2,358);
INSERT INTO reservation (reservation_id, member_id) VALUES (359,null);
INSERT INTO reservation_ticket (id, reservation_id, ticket_id, reservation_date, visit_date, adult_count, child_count, reservation_status) VALUES (359,359,1,'2024-06-23','2024-06-24',45,55,'PAYED');
INSERT INTO orders (order_id, order_num, member_id, order_date, reservation_status) VALUES (359,20240619000359,3,'2024-06-23','PAYED');
INSERT INTO order_ticket (order_ticket_id, adult_count, adult_price, child_count, child_price, visit_date, order_id, ticket_id, reservation_ticket_id) VALUES (359,45,30000,55,20000,'2024-06-24',359,1,359);
INSERT INTO reservation (reservation_id, member_id) VALUES (360,null);
INSERT INTO reservation_ticket (id, reservation_id, ticket_id, reservation_date, visit_date, adult_count, child_count, reservation_status) VALUES (360,360,2,'2024-06-24','2024-06-25',10,90,'PAYED');
INSERT INTO orders (order_id, order_num, member_id, order_date, reservation_status) VALUES (360,20240619000360,4,'2024-06-24','PAYED');
INSERT INTO order_ticket (order_ticket_id, adult_count, adult_price, child_count, child_price, visit_date, order_id, ticket_id, reservation_ticket_id) VALUES (360,10,30000,90,20000,'2024-06-25',360,2,360);
INSERT INTO reservation (reservation_id, member_id) VALUES (361,null);
INSERT INTO reservation_ticket (id, reservation_id, ticket_id, reservation_date, visit_date, adult_count, child_count, reservation_status) VALUES (361,361,1,'2024-06-25','2024-06-26',30,70,'PAYED');
INSERT INTO orders (order_id, order_num, member_id, order_date, reservation_status) VALUES (361,20240619000361,2,'2024-06-25','PAYED');
INSERT INTO order_ticket (order_ticket_id, adult_count, adult_price, child_count, child_price, visit_date, order_id, ticket_id, reservation_ticket_id) VALUES (361,30,30000,70,20000,'2024-06-26',361,1,361);
INSERT INTO reservation (reservation_id, member_id) VALUES (362,null);
INSERT INTO reservation_ticket (id, reservation_id, ticket_id, reservation_date, visit_date, adult_count, child_count, reservation_status) VALUES (362,362,2,'2024-06-26','2024-06-27',20,80,'PAYED');
INSERT INTO orders (order_id, order_num, member_id, order_date, reservation_status) VALUES (362,20240619000362,3,'2024-06-26','PAYED');
INSERT INTO order_ticket (order_ticket_id, adult_count, adult_price, child_count, child_price, visit_date, order_id, ticket_id, reservation_ticket_id) VALUES (362,20,30000,80,20000,'2024-06-27',362,2,362);
INSERT INTO reservation (reservation_id, member_id) VALUES (363,null);
INSERT INTO reservation_ticket (id, reservation_id, ticket_id, reservation_date, visit_date, adult_count, child_count, reservation_status) VALUES (363,363,1,'2024-06-27','2024-06-28',70,30,'PAYED');
INSERT INTO orders (order_id, order_num, member_id, order_date, reservation_status) VALUES (363,20240619000363,4,'2024-06-27','PAYED');
INSERT INTO order_ticket (order_ticket_id, adult_count, adult_price, child_count, child_price, visit_date, order_id, ticket_id, reservation_ticket_id) VALUES (363,70,30000,30,20000,'2024-06-28',363,1,363);
INSERT INTO reservation (reservation_id, member_id) VALUES (364,null);
INSERT INTO reservation_ticket (id, reservation_id, ticket_id, reservation_date, visit_date, adult_count, child_count, reservation_status) VALUES (364,364,2,'2024-06-28','2024-06-29',30,70,'PAYED');
INSERT INTO orders (order_id, order_num, member_id, order_date, reservation_status) VALUES (364,20240619000364,2,'2024-06-28','PAYED');
INSERT INTO order_ticket (order_ticket_id, adult_count, adult_price, child_count, child_price, visit_date, order_id, ticket_id, reservation_ticket_id) VALUES (364,30,30000,70,20000,'2024-06-29',364,2,364);
INSERT INTO reservation (reservation_id, member_id) VALUES (365,null);
INSERT INTO reservation_ticket (id, reservation_id, ticket_id, reservation_date, visit_date, adult_count, child_count, reservation_status) VALUES (365,365,1,'2024-06-29','2024-06-30',54,46,'PAYED');
INSERT INTO orders (order_id, order_num, member_id, order_date, reservation_status) VALUES (365,20240619000365,3,'2024-06-29','PAYED');
INSERT INTO order_ticket (order_ticket_id, adult_count, adult_price, child_count, child_price, visit_date, order_id, ticket_id, reservation_ticket_id) VALUES (365,54,30000,46,20000,'2024-06-30',365,1,365);
